,G,AB,SO,SF,HBP,IBB,SH,BB,R,H,SB,RBI,HR,2B,3B,W,SHO,CG,SV,SO,HRA,HA,ER,IP,ERA,HOF
aardsda01,331,4,2,0,0,0,1,0,0,0,0,0,0,0,0,16,0,0,69,340,41,296,160,1011,4.27299703264095,0
aaronha01,3298,12364,1383,121,32,293,21,1402,2174,3771,240,2297,755,624,98,0,0,0,0,0,0,0,0,0,NA,0
aaronto01,437,944,145,6,0,3,9,86,102,216,9,94,13,42,6,0,0,0,0,0,0,0,0,0,NA,0
aasedo01,448,5,3,0,0,0,0,0,0,0,0,0,0,0,0,66,5,22,82,641,89,1085,468,3328,3.796875,0
abadan01,15,21,5,0,0,0,0,4,1,2,0,0,0,0,0,0,0,0,0,0,0,0,0,0,NA,0
abadfe01,258,8,4,0,0,0,0,0,0,1,0,0,0,0,0,5,0,0,0,193,32,220,94,682,3.72140762463343,0
abadijo01,12,49,3,0,0,0,0,0,4,11,1,5,0,0,0,0,0,0,0,0,0,0,0,0,NA,0
abbated01,855,3044,16,0,33,0,93,289,355,772,142,324,11,99,43,0,0,0,0,0,0,0,0,0,NA,0
abbeybe01,79,225,54,0,0,0,4,21,21,38,3,17,0,3,3,22,0,52,1,161,18,686,285,1704,4.51584507042254,0
abbeych01,451,1751,105,0,23,0,18,167,307,492,93,280,19,67,46,0,0,0,0,0,0,6,1,6,4.5,0
abbotda01,3,7,0,0,0,0,0,0,0,1,1,1,0,0,1,0,0,1,1,1,0,19,9,39,6.23076923076923,0
abbotfr01,160,513,0,0,8,0,20,19,48,107,14,49,1,21,6,0,0,0,0,0,0,0,0,0,NA,0
abbotgl01,248,0,0,0,0,0,0,0,0,0,0,0,0,0,0,62,5,37,0,484,162,1405,627,3858,4.38802488335925,0
abbotje01,233,596,91,7,3,2,5,38,82,157,6,83,18,33,2,0,0,0,0,0,0,0,0,0,NA,0
abbotji01,263,21,10,0,0,0,3,0,0,2,0,3,0,0,0,87,6,31,0,888,154,1779,791,5022,4.25268817204301,0
abbotku01,702,2044,571,12,17,11,21,133,273,523,22,242,62,109,23,0,0,0,0,0,0,0,0,0,NA,0
abbotky01,57,31,19,0,0,0,6,1,2,3,0,2,0,1,0,4,0,0,0,124,26,207,107,556,5.19604316546763,0
abbotod01,22,70,20,0,0,0,6,6,2,13,3,6,0,2,1,0,0,0,0,0,0,0,0,0,NA,0
abbotpa01,162,20,6,0,0,0,5,0,2,5,0,2,0,1,0,43,0,1,0,496,101,682,394,2162,4.9204440333025,0
aberal01,168,100,41,1,0,0,8,8,5,14,0,6,0,0,0,24,0,7,14,169,29,398,181,1168,4.18407534246575,0
abercda01,1,4,0,0,0,0,0,0,0,0,0,0,0,0,0,0,0,0,0,0,0,0,0,0,NA,0
abercre01,180,386,123,2,7,2,5,21,65,86,18,34,9,20,2,0,0,0,0,0,0,0,0,0,NA,0
abernbi01,1,1,0,0,0,0,0,0,0,0,0,0,0,0,0,0,0,0,1,0,1,4,3,6,13.5,0
abernbr01,232,868,93,4,7,1,16,60,97,212,21,79,8,36,5,0,0,0,0,0,0,0,0,0,NA,0
abernte01,7,5,3,0,0,0,0,1,0,1,0,0,0,0,0,0,0,1,0,13,0,31,25,61,11.0655737704918,0
abernte02,681,181,74,0,2,0,15,6,12,25,0,9,0,3,0,63,2,7,148,765,70,1010,441,3443,3.45832123148417,0
abernwo01,16,8,4,0,0,0,0,0,0,0,0,0,0,0,0,1,0,0,1,6,5,36,17,126,3.64285714285714,0
aberscl01,63,179,44,0,0,0,0,25,25,45,0,26,5,7,3,0,0,0,0,0,0,0,0,0,NA,0
ablesha01,14,26,0,0,0,0,0,0,0,0,1,0,0,0,0,1,0,4,0,41,1,79,32,214,4.03738317757009,0
abnersh01,392,840,153,7,7,10,5,43,89,191,6,71,11,39,4,0,0,0,0,0,0,0,0,0,NA,0
abramca01,567,1611,290,4,7,2,16,304,257,433,12,138,32,64,19,0,0,0,0,0,0,0,0,0,NA,0
abramge01,3,1,0,0,0,0,0,0,0,1,0,0,0,0,0,0,0,0,0,1,0,10,5,14,9.64285714285714,0
abregjo01,6,9,2,0,0,0,0,0,0,0,0,1,0,0,0,1,0,0,0,13,3,32,17,72,6.375,0
abreubo01,2425,8480,1840,85,33,115,7,1476,1453,2470,400,1363,288,574,59,0,0,0,0,0,0,0,0,0,NA,0
abreujo01,9,28,4,0,0,0,0,4,4,6,0,3,1,1,0,0,0,0,0,0,0,0,0,0,NA,0
abreujo02,299,1169,271,5,26,26,0,90,168,354,3,208,66,69,5,0,0,0,0,0,0,0,0,0,NA,0
abreuju01,7,0,0,0,0,0,0,0,0,0,0,0,0,0,0,0,0,0,0,12,1,6,2,20,2.7,0
abreuto01,224,579,116,8,5,2,1,22,61,147,2,60,6,39,6,0,0,0,0,0,0,0,0,0,NA,0
abreuwi01,38,2,1,0,0,0,0,0,0,0,0,0,0,0,0,0,0,0,0,38,10,57,36,133,7.30827067669173,0
abstebi01,170,619,0,0,4,0,29,29,54,150,21,76,1,22,10,0,0,0,0,0,0,0,0,0,NA,0
accarje01,262,7,1,0,0,0,0,0,0,1,0,0,0,0,0,10,0,0,38,205,24,288,136,854,4.29976580796253,0
aceveal01,204,2,1,0,0,0,0,0,0,0,0,0,0,0,0,31,0,0,29,282,48,333,162,1141,3.83347940403155,0
acevejo01,104,101,61,1,1,0,12,5,2,8,0,4,0,2,0,18,0,1,1,253,71,420,235,1105,5.7420814479638,0
aceveju01,367,65,33,0,0,0,6,3,4,6,0,0,0,2,0,28,0,0,53,350,72,597,274,1710,4.32631578947368,0
achteaj01,18,0,0,0,0,0,0,0,0,0,0,0,0,0,0,1,0,0,0,19,6,26,14,73,5.17808219178082,0
ackerji01,467,54,32,0,0,0,0,2,2,9,0,1,0,1,0,33,0,0,30,482,82,918,399,2713,3.97088094360486,0
ackerto01,153,77,46,0,1,0,6,12,10,5,0,2,0,0,0,19,1,5,8,256,43,365,174,1141,4.11744084136722,0
ackledu01,607,2064,410,11,5,10,11,186,255,503,31,212,46,94,18,0,0,0,0,0,0,0,0,0,NA,0
acklefr01,5,6,4,0,0,0,0,1,0,2,0,1,0,1,0,1,0,0,0,17,4,17,9,58,4.18965517241379,0
acostcy01,107,7,6,0,0,0,0,0,0,0,0,0,0,0,0,13,0,0,27,109,15,143,55,558,2.66129032258064,0
acosted01,57,29,15,0,0,0,0,1,1,1,0,0,0,0,0,6,1,3,1,70,12,153,62,413,4.05326876513317,0
acostjo01,55,60,22,0,0,0,3,11,4,9,1,1,0,1,0,10,1,6,4,45,9,265,107,640,4.5140625,0
acostma01,233,6,4,0,0,0,0,1,0,0,0,0,0,0,0,13,0,0,9,219,30,234,110,744,3.99193548387097,0
acostme01,180,436,46,0,4,0,19,63,56,111,17,37,0,9,7,0,0,0,0,0,0,0,0,0,NA,0
acrema01,114,0,0,0,0,0,0,0,0,0,0,0,0,0,0,9,0,0,2,98,16,135,73,381,5.17322834645669,0
adairje01,1165,4019,499,30,17,31,41,208,378,1022,29,366,57,163,19,0,0,0,0,0,0,0,0,0,NA,0
adairji01,18,76,8,0,0,0,2,1,9,21,1,3,0,3,1,0,0,0,0,0,0,0,0,0,NA,0
adamecr01,33,68,16,0,1,1,1,3,5,14,0,3,0,1,1,0,0,0,0,0,0,0,0,0,NA,0
adamsac01,302,99,14,0,0,0,8,6,9,12,0,2,0,0,0,41,0,2,49,171,26,541,213,1658,3.4686369119421,0
adamsau01,34,1,0,0,0,0,0,0,0,0,0,0,0,0,0,2,0,0,1,27,3,46,21,121,4.68595041322314,0
adamsba01,482,1019,177,0,1,0,35,53,79,216,1,75,3,31,15,194,44,206,15,1036,68,2841,917,8986,2.75528600044514,0
adamsbe01,267,678,79,0,1,0,23,23,37,137,9,45,2,17,4,0,0,0,0,0,0,0,0,0,NA,0
adamsbo01,2,3,0,0,0,0,0,0,1,1,0,0,0,0,0,0,0,0,0,1,1,10,5,17,7.94117647058823,0
adamsbo02,5,3,0,0,0,0,0,0,0,0,0,0,0,0,0,0,0,0,0,5,0,21,7,36,5.25,0
adamsbo03,1281,4019,447,5,17,1,78,414,591,1082,67,303,37,188,49,0,0,0,0,0,0,0,0,0,NA,0
adamsbo04,15,24,5,0,0,0,0,0,2,6,0,2,2,1,0,0,0,0,0,0,0,0,0,0,NA,0
adamsbu01,576,2003,281,0,13,0,42,234,282,532,12,249,50,96,12,0,0,0,0,0,0,0,0,0,NA,0
adamsda01,47,55,18,0,0,0,1,3,1,8,0,3,1,0,0,4,0,6,3,54,5,182,71,513,3.73684210526316,0
adamsda02,43,140,43,0,2,0,1,9,10,27,0,13,2,5,1,0,0,0,0,0,0,0,0,0,NA,0
adamsdi01,37,89,18,0,0,0,2,2,9,18,0,11,2,2,3,0,0,0,0,0,0,0,0,0,NA,0
adamsdo01,8,14,3,0,0,0,0,1,1,3,0,1,0,0,0,0,0,0,0,0,0,0,0,0,NA,0
adamsge01,4,13,1,0,0,0,0,1,0,3,0,0,0,0,0,0,0,0,0,0,0,0,0,0,NA,0
adamsgl01,661,1617,183,19,4,8,9,111,152,452,6,225,34,79,5,0,0,0,0,0,0,0,0,0,NA,0
adamshe01,95,337,24,0,2,0,3,22,39,88,4,18,0,8,6,0,0,0,0,0,0,0,0,0,NA,0
adamsji01,1,4,0,0,0,0,0,0,0,1,0,0,0,0,0,0,0,0,0,0,0,0,0,0,NA,0
adamsjo01,1,2,0,0,0,0,0,0,0,0,0,0,0,0,0,0,0,0,0,0,0,9,4,12,9,0
adamsjo02,44,10,0,0,0,0,1,0,0,3,0,1,0,1,0,5,0,0,0,77,19,121,60,331,4.89425981873112,0
adamska01,30,32,16,0,0,0,1,0,0,1,0,0,0,0,0,1,0,3,0,62,5,119,64,345,5.00869565217391,0
adamsla01,6,3,2,0,0,0,0,0,1,0,0,0,0,0,0,0,0,0,0,0,0,0,0,0,NA,0
adamsma01,337,1084,259,8,3,6,0,64,123,299,4,156,39,63,5,0,0,0,0,0,0,0,0,0,NA,0
adamsmi01,11,6,4,0,0,0,1,0,1,2,0,1,0,0,1,0,0,0,0,14,3,28,21,76,7.46052631578947,0
adamsmi02,100,118,29,0,2,0,0,32,27,23,2,9,3,5,0,0,0,0,0,0,0,0,0,0,NA,0
adamsmi03,410,2,0,0,0,0,0,0,0,0,0,0,0,0,0,21,0,0,4,409,33,316,109,1222,2.40834697217676,0
adamsre01,8,1,0,0,0,0,0,0,0,0,0,0,0,0,0,0,0,0,0,8,1,18,11,36,8.25,0
adamsri01,11,23,0,0,0,0,0,4,1,4,0,0,0,0,0,2,1,3,0,25,1,63,25,188,3.59042553191489,0
adamsri02,120,247,37,0,5,3,7,10,35,53,3,16,4,5,1,0,0,0,0,0,0,0,0,0,NA,0
adamsru01,286,884,118,11,5,2,8,85,125,218,15,113,17,46,7,0,0,0,0,0,0,0,0,0,NA,0
adamsry01,29,89,25,0,1,0,0,6,9,25,0,7,0,4,0,0,0,0,0,0,0,0,0,0,NA,0
adamssp01,1424,5557,223,0,28,0,136,453,844,1588,154,394,9,249,48,0,0,0,0,0,0,0,0,0,NA,0
adamssp02,180,395,50,0,2,0,12,38,61,101,5,38,0,16,5,0,0,0,0,0,0,0,0,0,NA,0
adamste01,574,78,41,1,0,0,12,7,2,4,0,2,0,1,0,51,0,0,42,691,63,890,403,2608,4.17216257668712,0
adamswi01,65,88,18,0,0,0,1,3,4,9,0,2,0,1,1,8,0,8,2,74,8,303,138,853,4.36811254396249,0
adamswi02,25,0,0,0,0,0,0,0,0,0,0,0,0,0,0,6,1,1,0,105,20,149,87,404,5.81435643564357,0
adcocjo01,1959,6606,1059,35,17,55,52,594,823,1832,20,1122,336,295,35,0,0,0,0,0,0,0,0,0,NA,0
adcocna01,56,1,1,0,0,0,0,0,0,0,0,0,0,0,0,2,0,0,1,80,14,126,57,369,4.17073170731707,0
addisbo01,208,534,47,0,0,0,5,37,70,150,8,47,2,22,2,0,0,0,0,0,0,0,0,0,NA,0
adducji01,70,144,27,3,0,0,1,2,11,34,0,15,1,8,1,0,0,0,0,0,0,0,0,0,NA,0
adducji02,61,132,36,2,0,0,1,13,15,25,5,8,1,4,0,0,0,0,0,0,0,0,0,0,NA,0
addybo01,274,1231,7,0,0,0,0,19,227,341,30,172,1,35,12,0,0,0,0,0,0,0,0,0,NA,0
adenhni01,4,0,0,0,0,0,0,0,0,0,0,0,0,0,0,1,0,0,0,9,0,25,12,54,6,0
aderhmo01,106,262,29,0,0,0,0,19,36,70,3,32,3,7,3,0,0,0,0,0,0,0,0,0,NA,0
adkinde01,38,22,10,0,0,0,1,0,2,5,0,3,1,1,0,2,0,1,0,47,10,114,62,297,5.63636363636364,0
adkindi01,3,7,2,0,0,0,0,2,2,1,0,0,0,0,0,0,0,0,0,0,0,0,0,0,NA,0
adkindo01,6,12,0,0,0,0,0,0,1,2,0,0,0,0,0,1,0,1,1,3,2,40,15,81,5,0
adkingr01,76,116,26,0,1,0,10,6,9,21,1,6,0,3,3,12,0,19,1,78,24,403,175,1089,4.33884297520661,0
adkinhe01,1,5,2,0,0,0,0,0,1,2,0,0,0,0,0,0,0,0,0,0,0,0,0,0,NA,0
adkinjo01,119,1,1,0,0,0,0,0,0,0,0,0,0,0,0,5,0,0,0,81,18,155,70,416,4.54326923076923,0
adkinst01,5,0,0,0,0,0,0,0,0,0,0,0,0,0,0,1,0,0,0,14,4,19,17,72,6.375,0
adlesda01,106,256,80,1,2,5,2,18,9,43,0,11,1,3,1,0,0,0,0,0,0,0,0,0,NA,0
adriaeh01,114,228,47,1,5,1,5,21,24,48,4,19,1,14,1,0,0,0,0,0,0,0,0,0,NA,0
afenitr01,45,79,32,1,0,0,1,5,4,15,0,7,0,2,2,0,0,0,0,0,0,0,0,0,NA,0
affelje01,774,17,6,0,0,0,0,2,0,3,0,2,0,0,0,43,0,0,28,720,76,904,408,2778,3.96544276457883,0
agbaybe01,383,1091,246,8,15,7,1,139,145,299,16,156,39,57,6,0,0,0,0,0,0,0,0,0,NA,0
ageeto01,1129,3912,918,15,34,26,21,342,558,999,167,433,130,170,27,0,0,0,0,0,0,0,0,0,NA,0
agganha01,157,517,67,6,0,0,7,57,65,135,8,67,11,23,9,0,0,0,0,0,0,0,0,0,NA,0
aglerjo01,234,751,130,0,1,0,21,131,121,185,38,36,0,22,10,0,0,0,0,0,0,0,0,0,NA,0
agnewsa01,563,1537,216,0,25,0,47,102,105,314,29,98,2,41,14,0,0,0,0,0,0,0,0,0,NA,0
agostju01,543,20,7,0,0,0,1,1,0,2,0,0,0,0,0,40,0,0,29,307,30,639,279,1879,4.00904736562001,0
aguaylu01,568,1104,220,12,20,12,14,94,142,260,7,109,37,43,10,0,0,0,0,0,0,0,0,0,NA,0
aguilch01,149,230,61,0,0,1,2,16,26,53,2,16,3,13,2,0,0,0,0,0,0,0,0,0,NA,0
aguilje01,26,52,20,1,1,0,0,4,2,10,0,5,0,1,0,0,0,0,0,0,0,0,0,0,NA,0
aguilri01,737,139,37,0,0,0,16,6,12,28,0,11,3,3,0,86,0,10,318,1030,138,1233,512,3874,3.5684047496128,0
aguirha01,447,388,236,1,0,0,24,14,14,33,1,21,0,7,1,75,9,44,33,856,123,1216,496,4127,3.24497213472256,0
ahearch01,1,4,0,0,0,0,0,0,1,1,0,0,0,0,0,0,0,0,0,0,0,0,0,0,NA,0
ahearpa01,4,0,0,0,0,0,0,0,0,0,0,0,0,0,0,0,0,0,0,4,2,20,13,30,11.7,0
ahmedni01,159,491,91,3,1,1,7,32,58,109,4,38,10,19,6,0,0,0,0,0,0,0,0,0,NA,0
aikenwi01,774,2492,444,27,18,42,0,319,301,675,3,415,110,125,2,0,0,0,0,0,0,0,0,0,NA,0
aingeda01,211,665,128,3,4,2,12,37,57,146,12,37,2,19,4,0,0,0,0,0,0,0,0,0,NA,0
ainsmed01,1078,3048,315,0,12,0,99,263,299,707,86,317,22,108,54,0,0,0,0,0,0,2,2,1,54,0
ainswku01,30,28,8,0,0,0,5,0,1,2,0,0,0,1,0,6,0,0,0,90,16,136,73,380,5.18684210526316,0
aitchra01,34,59,17,0,0,0,3,9,4,10,0,2,0,0,0,12,3,10,0,101,7,193,69,619,3.00969305331179,0
aitonge01,10,17,0,0,0,0,0,4,1,4,0,1,0,0,0,0,0,0,0,0,0,0,0,0,NA,0
akejo01,13,52,0,0,1,0,0,0,1,10,0,2,0,0,1,0,0,0,0,0,0,0,0,0,NA,0
akerfda01,125,9,6,0,0,0,0,0,0,1,0,0,0,0,0,9,0,1,3,129,36,216,132,701,5.08416547788873,0
akerja01,496,92,51,0,1,0,10,1,3,7,0,4,0,2,0,47,0,0,123,404,64,679,272,2238,3.28150134048257,0
akersbi01,174,475,64,0,1,0,14,63,64,124,7,69,11,17,9,0,0,0,0,0,0,0,0,0,NA,0
akersje01,5,6,0,0,0,0,0,0,0,2,0,0,0,0,0,1,0,0,0,11,1,24,11,61,4.86885245901639,0
albagi01,3,0,0,0,0,0,0,0,0,0,0,0,0,0,0,0,0,0,0,3,0,1,1,10,2.7,0
albaljo01,66,0,0,0,0,0,0,0,0,0,0,0,0,0,0,6,0,0,0,56,10,77,37,230,4.34347826086957,0
albanjo01,6,0,0,0,0,0,0,0,0,0,0,0,0,0,0,0,0,0,0,3,1,8,3,18,4.5,0
alberan01,11,0,0,0,0,0,0,0,0,0,0,0,0,0,0,2,1,1,0,26,7,65,28,188,4.02127659574468,0
alberbu01,6,18,2,0,0,0,0,0,1,5,0,0,0,1,0,0,0,0,0,0,0,0,0,0,NA,0
albercy01,4,7,3,0,0,0,1,2,0,0,0,0,0,0,0,1,0,2,0,10,1,35,19,83,6.18072289156626,0
albergu01,120,426,5,0,9,0,0,52,62,84,27,50,1,10,6,0,0,0,0,0,0,0,0,0,NA,0
alberha01,41,99,17,0,0,0,3,2,12,22,1,4,0,2,1,0,0,0,0,0,0,0,0,0,NA,0
alberjo01,27,0,0,0,0,0,0,0,0,0,0,0,0,0,0,0,0,0,0,23,7,77,48,175,7.40571428571429,0
alberma01,394,34,21,0,0,0,3,0,0,2,0,0,0,0,0,27,0,0,0,389,53,551,258,1658,4.20144752714113,0
albosed01,19,12,7,0,0,0,0,0,0,1,0,0,0,0,0,0,0,0,0,24,4,52,36,158,6.15189873417722,0
albreed01,3,3,1,0,0,0,0,1,0,0,0,0,0,0,0,1,0,1,0,2,0,7,7,35,5.4,0
albrija01,41,99,11,0,0,0,3,10,9,23,1,5,2,4,0,0,0,0,0,0,0,0,0,0,NA,0
albural01,241,0,0,0,0,0,0,0,0,0,0,0,0,0,0,17,0,0,1,276,16,175,80,675,3.2,0
alburvi01,102,1,1,0,0,0,0,0,0,0,0,0,0,0,0,18,1,6,1,193,36,338,170,1118,4.10554561717352,0
alcalsa01,68,71,41,0,0,0,7,2,6,8,0,4,1,1,0,14,1,3,2,140,25,257,132,748,4.76470588235294,0
alcanar01,81,304,104,2,2,0,2,22,36,59,9,30,10,11,2,0,0,0,0,0,0,0,0,0,NA,0
alcanis01,51,115,26,0,0,0,0,6,15,31,1,15,6,3,0,0,0,0,0,0,0,0,0,0,NA,0
alcarlu01,115,365,58,2,0,2,2,21,30,70,2,29,4,9,2,0,0,0,0,0,0,0,0,0,NA,0
alcocsc01,54,156,14,0,1,0,5,7,12,27,4,7,0,4,2,0,0,0,0,0,0,0,0,0,NA,0
alderda01,16,7,2,0,0,0,0,0,0,0,0,0,0,0,0,0,0,0,0,11,4,52,26,107,6.5607476635514,0
aldremi01,930,2147,381,18,5,29,14,314,277,565,19,271,41,104,9,0,0,0,0,0,0,1,0,3,0,0
aldresc01,229,1,1,0,0,0,0,0,0,0,0,0,0,0,0,20,0,1,1,312,78,581,334,1499,6.01601067378252,0
aldrico01,13,18,9,0,0,0,0,0,1,1,0,1,0,0,1,0,0,0,0,0,0,0,0,0,NA,0
aldrija01,62,1,1,0,0,0,0,0,0,0,0,0,0,0,0,6,0,0,2,46,12,119,57,326,4.72085889570552,0
aldrivi01,248,581,41,0,0,0,32,10,46,133,2,60,2,14,4,97,8,102,6,526,87,1671,668,4802,3.75593502707205,0
alenoch01,118,320,35,0,1,0,4,31,34,67,3,34,2,11,3,0,0,0,0,0,0,0,0,0,NA,0
alexabo01,9,1,1,0,0,0,0,0,0,0,0,0,0,0,0,1,0,0,0,2,0,18,13,33,10.6363636363636,0
alexada01,662,2450,197,0,6,0,32,248,369,811,20,459,61,164,30,0,0,0,0,0,0,0,0,0,NA,0
alexado01,562,265,77,2,1,0,23,9,19,44,0,17,0,8,0,194,18,98,3,1528,324,3376,1406,10103,3.75749777293873,0
alexaga01,432,1276,381,19,5,12,4,154,169,293,8,202,55,45,11,0,0,0,0,0,0,0,0,0,NA,0
alexage01,36,0,0,0,0,0,0,0,0,0,0,0,0,0,0,6,0,0,0,59,12,112,63,294,5.78571428571429,0
alexahu01,7,11,5,0,0,0,0,0,0,1,1,0,0,0,0,0,0,0,0,0,0,0,0,0,NA,0
alexama01,374,168,26,0,1,1,8,18,111,36,103,4,0,4,2,0,0,0,0,0,0,0,0,0,NA,0
alexama02,594,1271,276,4,7,7,19,86,166,293,37,115,15,50,12,0,0,0,0,0,1,1,5,2,67.5,0
alexani01,20,69,0,0,0,0,0,1,2,9,0,0,0,0,0,0,0,0,0,0,0,0,0,0,NA,0
alexape01,703,1810,276,0,2,0,88,77,154,378,3,163,11,60,13,373,90,437,32,2198,164,4868,1476,15570,2.55953757225434,0
alexasc01,4,0,0,0,0,0,0,0,0,0,0,0,0,0,0,0,0,0,0,3,0,5,3,18,4.5,0
alexawa01,162,405,83,0,4,0,16,42,26,76,5,24,1,18,3,0,0,0,0,0,0,0,0,0,NA,0
alfarja01,7,11,5,0,0,0,1,0,1,2,0,0,0,0,0,0,0,0,0,0,0,0,0,0,NA,0
alfonan01,592,14,8,0,0,0,1,0,0,2,0,2,0,0,0,35,0,0,129,400,55,677,280,1839,4.11092985318108,0
alfoned01,1506,5385,617,55,41,22,31,596,777,1532,53,744,146,282,18,0,0,0,0,0,0,0,0,0,NA,0
alfonel01,193,591,158,3,9,9,4,17,44,142,1,67,17,24,3,0,0,0,0,0,0,0,0,0,NA,0
alicelu01,1341,3971,624,45,48,25,49,500,551,1031,81,422,47,189,53,0,0,0,0,0,0,0,0,0,NA,0
allanan01,512,1486,223,16,9,4,35,87,145,357,23,140,16,48,4,0,0,0,0,0,0,0,0,0,NA,0
allarbr01,19,0,0,0,0,0,0,0,0,0,0,0,0,0,0,4,0,3,0,44,9,97,45,287,4.23344947735192,0
allenbe01,1139,3404,424,17,8,52,24,370,357,815,13,351,73,140,21,0,0,0,0,0,0,0,0,0,NA,0
allenbo01,606,2211,209,0,13,0,3,297,337,532,53,306,14,77,44,0,0,0,0,0,0,0,0,0,NA,0
allenbo02,9,22,7,0,1,0,0,3,3,3,0,0,0,1,0,0,0,0,0,0,0,0,0,0,NA,0
allenbo03,3,3,1,0,0,0,0,0,1,1,0,0,0,0,0,0,0,0,0,8,2,18,9,36,6.75,0
allenbo04,204,31,16,0,0,0,2,1,0,4,0,0,0,1,0,7,0,0,19,199,23,288,125,822,4.10583941605839,0
allenbr01,116,344,137,2,1,6,0,42,44,70,3,41,12,19,2,0,0,0,0,0,0,0,0,0,NA,0
allench01,267,851,173,5,4,2,5,63,102,229,15,84,14,44,8,0,0,0,0,0,0,0,0,0,NA,0
allenco01,250,0,0,0,0,0,0,0,0,0,0,0,0,0,0,14,0,0,60,305,18,195,70,715,2.64335664335664,0
allendi01,1749,6332,1556,53,16,138,19,894,1099,1848,133,1119,351,320,79,0,0,0,0,0,0,0,0,0,NA,0
allendu01,27,28,12,0,0,0,0,4,5,7,0,2,2,2,0,0,0,0,0,0,0,0,0,0,NA,0
allenet01,1281,4418,310,0,14,0,110,223,623,1325,84,501,47,255,45,0,0,0,0,0,0,0,0,0,NA,0
allenfr01,181,288,126,0,1,0,14,35,23,39,1,25,2,8,6,50,10,60,3,457,26,893,316,2911,2.93095156303676,0
allenga01,416,1061,192,11,5,3,15,130,114,235,3,131,19,49,2,0,0,0,0,0,0,0,0,0,NA,0
allenha01,16,66,1,0,0,0,0,0,8,18,0,7,0,1,0,0,0,0,0,0,0,0,0,0,NA,0
allenha02,389,881,128,4,2,5,2,49,104,212,15,57,6,27,9,0,0,0,0,0,0,0,0,0,NA,0
allenhe01,1,3,0,0,0,0,0,0,0,2,0,0,0,0,0,0,0,0,0,0,0,0,0,0,NA,0
allenho01,4,7,2,0,0,0,0,0,0,0,0,0,0,0,0,0,0,0,0,0,0,0,0,0,NA,0
allenja01,27,108,14,0,0,0,0,2,14,16,0,7,0,3,2,0,0,0,0,0,0,0,0,0,NA,0
allenja02,86,273,52,0,1,0,6,33,23,61,6,21,4,10,0,0,0,0,0,0,0,0,0,0,NA,0
allenje01,342,1031,228,10,24,1,21,104,155,268,42,114,15,49,8,0,0,0,0,0,0,0,0,0,NA,0
allenjo01,1,0,0,0,0,0,0,0,0,0,0,0,0,0,0,0,0,0,0,2,0,2,4,6,18,0
allenjo02,365,716,155,0,0,0,36,33,82,124,1,64,4,12,3,142,17,109,18,1070,104,1849,813,5851,3.75166638181507,0
allenki01,42,54,5,0,1,2,2,8,10,12,12,3,0,3,0,0,0,0,0,0,0,0,0,0,NA,0
allenll01,159,40,14,0,0,0,3,0,2,8,0,1,1,1,0,8,0,0,22,194,19,291,155,892,4.69170403587444,0
allenlu01,8,9,3,0,0,0,0,2,2,1,0,0,0,1,0,0,0,0,0,0,0,0,0,0,NA,0
allenmy01,156,606,3,0,6,0,0,45,89,157,30,88,4,28,14,1,0,3,0,3,0,34,7,107,1.76635514018692,0
allenne01,434,115,51,0,0,0,11,3,3,15,0,7,0,2,2,58,6,7,75,611,73,985,426,2965,3.87925801011804,0
allenni01,216,500,73,0,6,0,10,33,41,116,8,36,0,13,5,0,0,0,0,0,0,0,0,0,NA,0
allenpe01,1,4,0,0,0,0,0,0,0,0,0,0,0,0,0,0,0,0,0,0,0,0,0,0,NA,0
allenro01,7,11,5,0,0,0,0,3,2,1,0,1,1,0,0,0,0,0,0,0,0,0,0,0,NA,0
allenro02,31,50,11,0,1,0,1,2,8,11,1,3,0,2,0,0,0,0,0,0,0,0,0,0,NA,0
allensl01,14,23,0,0,2,0,1,1,3,3,0,1,0,1,0,0,0,0,0,0,0,0,0,0,NA,0
alleyge01,1195,3927,622,22,27,62,56,300,442,999,63,342,55,140,44,0,0,0,0,0,0,0,0,0,NA,0
alliebo01,21,45,6,0,0,1,1,1,4,8,0,2,1,1,0,0,0,0,0,0,0,0,0,0,NA,0
alliega01,121,418,84,3,2,0,3,56,38,83,1,30,3,8,6,0,0,0,0,0,0,0,0,0,NA,0
allisan01,24,93,3,0,0,0,0,0,11,15,0,9,0,3,0,0,0,0,0,0,0,0,0,0,NA,0
allisar01,168,740,18,0,0,0,0,5,106,188,10,70,1,19,8,0,0,0,0,0,0,0,0,0,NA,0
allisbi01,5,19,1,0,0,0,0,0,5,3,0,1,0,0,0,0,0,0,0,0,0,0,0,0,NA,0
allisbo01,1541,5032,1033,35,34,30,25,795,811,1281,84,796,256,216,53,0,0,0,0,0,0,0,0,0,NA,0
allisda01,11,0,0,0,0,0,0,0,0,0,0,0,0,0,0,1,0,0,0,4,0,16,9,33,7.36363636363636,0
allisdo01,318,1407,40,0,0,0,0,22,236,381,5,140,2,43,10,0,0,0,0,0,0,11,1,15,1.8,0
allisma01,45,76,9,0,0,0,1,2,3,9,0,1,0,0,0,9,1,17,1,57,4,247,87,740,3.17432432432432,0
allismi01,49,60,9,0,0,0,3,15,15,13,4,0,0,0,0,0,0,0,0,0,0,0,0,0,NA,0
allrebe01,65,165,48,2,1,2,3,29,19,38,2,15,4,7,0,0,0,0,0,0,0,0,0,0,NA,0
almadme01,646,2483,150,0,5,0,35,214,363,706,56,197,15,107,27,0,0,0,0,0,0,0,0,0,NA,0
almanar01,254,4,2,0,0,0,2,0,0,0,0,0,0,0,0,14,0,0,2,232,34,189,115,644,4.82142857142857,0
almanca01,210,4,3,0,0,0,0,0,0,0,0,0,0,0,0,13,0,0,0,170,35,252,128,717,4.82008368200837,0
almeira01,102,285,40,0,3,0,11,25,32,77,7,46,3,13,6,0,0,0,0,0,0,0,0,0,NA,0
almonab01,166,508,133,5,1,0,7,39,65,124,12,48,10,26,6,0,0,0,0,0,0,0,0,0,NA,0
almonbi01,1236,3330,636,29,6,24,44,250,390,846,128,296,36,138,25,0,0,0,0,0,0,0,0,0,NA,0
almoned01,12,1,0,0,0,0,0,0,0,0,0,0,0,0,0,0,0,0,0,7,3,21,14,34,11.1176470588235,0
almoner01,55,133,29,0,1,0,2,8,18,31,3,14,2,7,0,0,0,0,0,0,0,0,0,0,NA,0
almonhe01,50,1,1,0,0,0,0,0,0,0,0,0,0,0,0,1,0,0,0,40,6,63,36,155,6.27096774193548,0
almonmi01,9,0,0,0,0,0,0,0,0,0,0,0,0,0,0,0,0,0,0,10,4,7,6,26,6.23076923076923,0
almonzo01,47,142,33,1,0,0,0,6,11,30,4,12,2,4,0,0,0,0,0,0,0,0,0,0,NA,0
alomalu01,116,48,17,0,0,0,2,1,2,8,0,3,0,1,0,18,1,1,15,115,21,212,90,706,3.44192634560906,0
alomaro01,2379,9073,1140,97,50,62,148,1032,1508,2724,474,1134,210,504,80,0,0,0,0,0,0,0,0,0,NA,0
alomasa01,1481,4760,482,18,3,17,77,302,558,1168,227,282,13,126,19,0,0,0,0,0,0,0,0,0,NA,0
alomasa02,1377,4530,499,34,41,15,48,212,520,1236,25,588,112,249,10,0,0,0,0,0,0,0,0,0,NA,0
alonsyo01,508,1621,263,17,9,18,1,163,169,443,17,183,32,93,2,0,0,0,0,0,0,0,0,0,NA,0
aloufe01,2082,7339,706,56,57,67,33,423,985,2101,107,852,206,359,49,0,0,0,0,0,0,0,0,0,NA,0
alouje01,1380,4345,267,20,30,32,44,138,448,1216,31,377,32,170,26,0,0,0,0,0,0,0,0,0,NA,0
alouma01,1667,5789,377,29,36,38,55,311,780,1777,156,427,31,236,50,0,0,0,0,3,0,3,0,6,0,0
aloumo01,1942,7037,894,82,48,91,9,737,1109,2134,106,1287,332,421,39,0,0,0,0,0,0,0,0,0,NA,0
alperwh01,450,1632,0,0,39,0,57,30,134,387,27,141,7,60,36,0,0,0,0,0,0,0,0,0,NA,0
alstode01,189,332,44,5,2,3,7,28,48,79,20,35,3,7,4,0,0,0,0,0,0,0,0,0,NA,0
alstoga01,6,1,0,0,0,0,0,0,0,0,0,0,0,0,0,1,0,0,0,5,1,9,6,18,9,0
alstoto01,91,271,46,1,2,0,0,25,30,66,3,36,4,15,2,0,0,0,0,0,0,0,0,0,NA,0
alstowa01,1,1,1,0,0,0,0,0,0,0,0,0,0,0,0,0,0,0,0,0,0,0,0,0,NA,0
altampo01,65,8,0,0,0,0,0,0,1,1,0,0,0,0,0,7,0,0,2,57,13,87,41,275,4.02545454545455,0
altener01,14,3,0,0,0,0,0,0,0,0,0,0,0,0,0,0,0,0,0,4,2,40,23,69,9,0
altenje01,19,31,5,0,0,0,1,1,3,9,0,3,0,1,1,0,0,0,0,0,0,0,0,0,NA,0
altheaa01,41,142,43,2,5,0,1,16,25,33,6,22,5,11,4,0,0,0,0,0,0,0,0,0,NA,0
altizda01,514,1734,5,0,33,0,84,140,204,433,119,116,4,36,21,0,0,0,0,0,0,0,0,0,NA,0
altmage01,991,3091,572,21,20,38,19,268,409,832,52,403,101,132,34,0,0,0,0,0,0,0,0,0,NA,0
altobjo01,166,257,42,3,2,0,5,23,27,54,3,28,5,8,3,0,0,0,0,0,0,0,0,0,NA,0
altroni01,230,550,0,0,11,0,15,29,52,97,5,27,2,9,1,83,16,128,7,425,17,1455,445,4542,2.64531043593131,0
altuvjo01,668,2721,308,24,24,20,17,146,341,830,169,226,36,162,14,0,0,0,0,0,0,0,0,0,NA,0
alusige01,298,652,103,4,4,3,4,73,75,167,1,93,23,31,2,0,0,0,0,0,0,0,0,0,NA,0
alvarab01,4,1,1,0,0,0,0,0,0,0,0,0,0,0,0,0,0,0,0,5,5,19,13,31,11.3225806451613,0
alvarcl01,2,5,1,0,0,0,0,0,1,1,0,0,0,0,0,0,0,0,0,0,0,0,0,0,NA,0
alvarda01,10,0,0,0,0,0,0,0,0,0,0,0,0,0,0,1,0,0,0,3,3,9,7,15,12.6,0
alvarda02,12,29,8,0,0,0,0,2,3,7,0,1,1,1,0,0,0,0,0,0,0,0,0,0,NA,0
alvarga01,92,266,76,2,2,1,0,24,22,59,1,33,7,15,0,0,0,0,0,0,0,0,0,0,NA,0
alvarhe01,92,94,34,2,0,0,12,1,5,22,0,9,1,4,0,27,5,5,0,296,54,596,238,1689,3.80461811722913,0
alvarjo01,99,11,2,0,0,0,3,1,0,3,0,0,0,0,0,8,0,0,5,134,12,140,54,487,2.99383983572895,0
alvarjo02,80,1,0,0,0,0,0,1,0,0,0,0,0,0,0,5,0,0,0,91,12,101,51,319,4.3166144200627,0
alvarju01,80,0,0,0,0,0,0,0,0,0,0,0,0,0,0,0,0,0,0,42,12,58,35,181,5.22099447513812,0
alvarlu01,463,1160,160,5,3,10,14,49,116,248,11,84,5,43,4,0,0,0,0,0,0,0,0,0,NA,0
alvaror01,25,51,5,0,0,0,0,0,4,8,0,8,2,2,0,0,0,0,0,0,0,0,0,0,NA,0
alvaros01,95,198,27,0,0,0,5,16,20,42,1,5,0,3,0,0,0,0,0,0,0,0,0,0,NA,0
alvarpe01,742,2500,809,13,11,30,1,259,300,590,14,401,131,108,6,0,0,0,0,0,0,0,0,0,NA,0
alvarrj01,31,0,0,0,0,0,0,0,0,0,0,0,0,0,0,0,0,0,0,32,7,30,23,84,7.39285714285714,0
alvarro01,17,37,13,0,0,0,0,1,2,7,0,2,0,0,0,0,0,0,0,0,0,0,0,0,NA,0
alvarta01,19,16,5,0,0,0,3,0,1,2,0,0,0,0,0,3,0,0,0,26,2,65,35,175,5.4,0
alvarto01,38,64,12,2,1,0,1,7,11,16,1,10,2,4,0,0,0,0,0,0,0,0,0,0,NA,0
alvarvi01,9,2,2,0,0,0,0,0,0,0,0,0,0,0,0,0,0,0,0,10,2,18,13,48,7.3125,0
alvarwi01,355,95,33,0,0,0,5,4,6,13,0,1,0,0,0,102,5,12,4,1330,190,1624,769,5243,3.96013732595842,0
alvisma01,1013,3629,662,22,35,25,36,262,421,895,43,373,111,142,22,0,0,0,0,0,0,0,0,0,NA,0
alvorbi01,265,1069,83,0,1,0,0,44,129,270,27,109,3,31,30,0,0,0,0,0,0,0,0,0,NA,0
alyeabr01,371,866,210,10,6,7,0,100,100,214,5,148,38,33,2,0,0,0,0,0,0,0,0,0,NA,0
amalfjo01,643,1715,224,8,12,9,17,185,248,418,19,123,9,67,19,0,0,0,0,0,0,0,0,0,NA,0
amarari01,727,1788,277,13,16,1,29,176,305,493,112,159,11,82,10,0,0,0,0,0,0,0,0,0,NA,0
amarial01,541,1442,231,14,4,11,21,94,140,328,29,139,18,55,16,0,0,0,0,0,0,0,0,1,0,0
amaroru01,940,2155,280,12,10,24,47,227,211,505,11,156,8,75,13,0,0,0,0,0,0,0,0,0,NA,0
amaroru02,485,927,128,8,16,2,11,88,99,218,15,100,16,43,9,0,0,0,0,0,0,0,0,0,NA,0
amblewa01,271,782,64,0,0,0,25,83,60,175,4,73,0,39,2,0,0,0,0,0,0,0,0,0,NA,0
ambrech01,80,189,48,1,2,1,3,23,28,44,4,10,4,9,0,0,0,0,0,0,0,0,0,0,NA,0
ambrihe01,96,0,0,0,0,0,0,0,0,0,0,0,0,0,0,3,0,0,2,87,18,134,63,318,5.34905660377359,0
amelued01,42,57,8,0,0,0,1,2,7,11,3,4,0,0,0,0,0,0,0,0,0,0,0,0,NA,0
amesre01,533,1014,204,0,0,0,47,61,52,143,5,63,3,10,7,183,26,209,36,1702,42,2896,934,9594,2.62851782363977,0
amesst01,4,0,0,0,0,0,0,0,0,0,0,0,0,0,0,0,0,0,0,4,0,6,2,12,4.5,0
amezaal01,584,1408,223,8,14,7,28,112,173,348,49,110,12,47,19,0,0,0,0,0,0,0,0,0,NA,0
amoledo01,18,48,0,0,2,0,0,2,5,5,0,5,0,0,0,4,0,10,0,30,0,150,63,358,4.75139664804469,0
amorosa01,517,1311,189,7,11,16,18,211,215,334,18,180,43,55,23,0,0,0,0,0,0,0,0,0,NA,0
amorvi01,13,6,1,0,0,0,0,0,0,1,0,0,0,0,0,1,0,1,0,12,2,50,21,100,5.67,0
anckewa01,4,6,4,0,0,0,0,0,0,0,0,0,0,0,0,0,0,0,0,4,1,19,7,53,3.56603773584906,0
anderal01,126,390,49,0,1,0,5,33,56,93,6,17,1,11,3,0,0,0,0,0,0,0,0,0,NA,0
anderal02,150,1,1,0,0,0,0,0,0,0,0,0,0,0,0,49,3,15,0,339,87,901,374,2456,4.11156351791531,0
anderan01,122,223,36,0,0,0,3,22,23,41,0,17,2,8,1,0,0,0,0,0,0,0,0,0,NA,0
anderbi01,2,1,0,0,0,0,0,0,0,0,0,0,0,0,0,0,0,0,0,1,0,5,3,8,10.125,0
anderbo01,247,246,107,1,2,0,15,10,18,33,0,12,2,2,1,36,1,15,13,502,80,858,398,2522,4.2609040444092,0
anderbr01,1834,6499,1190,50,154,59,74,960,1062,1661,315,761,210,338,67,0,0,0,0,0,0,0,0,0,NA,0
anderbr02,308,255,57,3,1,0,22,7,15,35,2,10,1,5,3,82,4,12,1,723,264,1743,814,4641,4.73561732385262,0
anderbr03,355,799,208,4,8,2,7,65,108,181,13,80,22,47,1,0,0,0,0,0,0,0,0,0,NA,0
anderbr04,123,65,41,0,0,0,10,5,1,6,0,4,0,3,0,37,1,3,3,502,59,696,279,2023,3.72367770637667,0
anderbr05,40,68,19,2,2,0,1,4,4,15,1,7,0,4,0,0,0,0,0,0,0,0,0,0,NA,0
anderbu01,64,0,0,0,0,0,0,0,0,0,0,0,0,0,0,4,0,1,7,76,12,148,61,447,3.68456375838926,0
anderch01,50,82,37,0,1,0,14,1,0,6,0,3,0,0,0,15,0,0,0,216,34,275,124,801,4.17977528089888,0
anderco01,15,3,3,0,0,0,0,0,0,0,0,0,0,0,0,7,0,1,0,44,9,77,31,274,3.05474452554745,0
andercr01,82,47,14,0,0,0,3,1,4,7,0,0,0,1,0,7,0,2,5,94,21,226,109,577,5.10051993067591,0
anderda01,21,62,15,0,2,0,0,1,6,6,0,0,0,1,0,3,0,15,0,56,4,177,91,451,5.44789356984479,0
anderda02,873,2026,331,13,5,17,37,206,244,490,49,143,19,73,12,0,0,0,0,0,0,0,0,0,NA,0
anderdr01,9,9,4,0,0,0,0,1,3,1,0,0,0,0,0,0,0,0,0,0,0,0,0,0,NA,0
anderdw01,149,306,70,0,2,2,2,32,33,62,2,14,1,6,2,0,0,0,0,0,0,0,0,0,NA,0
anderfe01,97,234,25,0,4,0,7,18,20,61,1,15,2,12,0,0,0,0,0,0,0,0,0,0,NA,0
anderfr01,180,312,98,0,1,0,13,10,17,41,0,12,0,6,1,53,11,62,8,514,22,912,313,2959,2.85603244339304,0
anderga01,2228,8640,1224,87,8,104,13,429,1084,2529,80,1365,287,522,36,0,0,0,0,0,0,0,0,0,NA,0
anderge01,269,1007,111,0,15,0,19,98,148,289,36,69,5,40,17,0,0,0,0,0,0,0,0,0,NA,0
andergo01,127,413,0,0,6,0,11,80,73,85,27,12,1,3,1,0,0,0,0,0,0,0,0,0,NA,0
anderha01,9,32,1,0,0,0,1,0,4,8,0,2,0,0,0,0,0,0,0,0,0,0,0,0,NA,0
anderha02,484,1586,291,15,16,32,9,159,199,419,3,242,60,82,16,0,0,0,0,0,0,0,0,0,NA,0
anderja01,32,0,0,0,0,0,0,0,0,0,0,0,0,0,0,2,0,0,0,19,6,38,27,114,6.39473684210526,0
anderji01,419,970,130,6,5,2,29,81,107,211,9,86,13,35,2,0,0,0,0,0,0,0,0,0,NA,0
anderji02,122,170,44,0,0,0,15,8,11,23,0,6,0,3,0,25,0,3,1,241,58,672,346,1724,5.41879350348028,0
anderjo01,1635,6341,55,0,53,0,64,310,870,1841,338,976,49,328,124,0,0,0,0,0,0,0,0,0,NA,0
anderjo02,24,5,3,0,0,0,0,1,0,0,0,0,0,0,0,0,0,0,1,19,6,64,32,134,6.44776119402985,0
anderjo03,179,486,82,1,4,2,2,26,73,132,36,47,4,17,5,0,0,0,0,0,0,0,0,0,NA,0
anderke01,135,366,61,1,2,1,10,30,43,95,1,22,1,12,2,0,0,0,0,0,0,0,0,0,NA,0
anderla01,16,0,0,0,0,0,0,0,0,0,0,0,0,0,0,2,1,1,0,23,4,48,26,124,5.66129032258065,0
anderla02,699,38,15,0,0,0,4,3,4,5,0,0,0,0,0,40,0,0,49,758,58,932,348,2986,3.14668452779638,0
anderla03,30,48,14,1,0,0,0,7,7,8,0,4,0,1,0,0,0,0,0,0,0,0,0,0,NA,0
anderma01,257,0,0,0,0,0,0,0,0,0,0,0,0,0,0,15,0,0,26,224,30,249,148,770,5.18961038961039,0
anderma02,1151,3204,471,31,15,28,31,227,392,849,71,371,63,174,20,0,0,0,0,0,0,0,0,0,NA,0
andermi01,721,1490,343,13,4,25,7,161,159,367,8,134,28,67,11,0,0,0,0,2,0,2,0,3,0,0
andermi02,3,1,0,0,0,0,0,0,0,0,0,0,0,0,0,0,0,0,0,4,3,12,11,16,18.5625,0
anderre01,36,39,12,0,0,0,2,2,1,11,0,1,0,0,1,5,0,3,0,40,7,150,66,410,4.34634146341463,0
anderri01,6,0,0,0,0,0,0,0,0,0,0,0,0,0,0,0,0,0,0,7,1,9,5,36,3.75,0
anderri02,28,11,4,0,0,0,1,0,1,1,0,0,0,0,0,4,0,0,1,42,9,112,51,290,4.74827586206897,0
andersc01,18,4,3,0,0,0,1,0,0,0,0,0,0,0,0,1,0,0,0,28,4,58,33,164,5.43292682926829,0
andersp01,152,477,53,2,1,1,5,42,42,104,6,34,0,9,3,0,0,0,0,0,0,0,0,0,NA,0
anderva01,41,114,12,0,1,0,1,10,25,34,0,18,0,3,3,9,0,22,0,41,13,339,164,719,6.15855354659249,0
anderwa01,17,11,6,0,0,0,1,1,0,3,0,0,0,0,0,1,0,0,0,20,0,45,19,158,3.24683544303797,0
anderwi01,7,5,0,0,0,0,0,0,1,1,0,0,0,0,0,0,0,0,0,11,0,16,9,52,4.67307692307692,0
andinro01,468,1320,309,7,6,2,21,113,157,306,24,96,18,58,1,0,0,0,0,0,0,0,0,0,NA,0
andrast01,4,0,0,0,0,0,0,0,0,0,0,0,0,0,0,0,0,0,0,5,0,5,5,14,9.64285714285714,0
andrecl01,8,3,2,0,0,0,0,0,0,0,0,0,0,0,0,1,0,0,0,12,6,34,23,62,10.0161290322581,0
andreed01,774,3233,245,0,9,0,0,194,602,830,205,278,12,117,26,0,0,0,0,0,0,0,0,0,NA,0
andreel01,6,0,0,0,0,0,0,0,0,0,0,0,0,0,0,0,0,0,0,0,0,12,9,24,10.125,0
andreer01,15,41,5,0,0,0,0,3,0,4,0,1,0,2,0,0,0,0,0,0,0,0,0,0,NA,0
andrefr01,16,29,5,1,1,0,0,3,4,8,2,2,0,0,1,0,0,0,0,0,0,0,0,0,NA,0
andrehu01,8,0,0,0,0,0,0,0,0,0,0,0,0,0,0,0,0,0,0,2,1,17,6,35,4.62857142857143,0
andreiv01,253,319,62,0,0,0,17,18,26,59,0,29,0,9,0,50,2,43,8,257,59,1151,479,3123,4.14121037463977,0
andreji01,53,202,41,0,2,0,0,23,32,38,11,17,3,4,2,0,0,0,0,0,0,0,0,0,NA,0
andrejo01,22,9,4,0,0,0,0,0,0,1,0,0,0,0,0,0,0,0,1,19,7,45,29,135,5.8,0
andrejo02,16,2,0,0,0,0,0,0,0,1,0,0,0,0,0,1,0,0,0,5,3,16,9,55,4.41818181818182,0
andreki01,2,2,0,0,0,0,0,0,0,1,0,0,0,0,0,0,0,0,0,0,0,0,0,0,NA,0
andremi01,893,3116,390,23,16,12,72,458,441,803,18,316,66,140,4,0,0,0,0,0,0,0,0,0,NA,0
andrena01,128,240,66,0,0,0,19,23,8,35,0,16,0,5,0,41,5,50,2,216,40,798,297,2320,3.45646551724138,0
andrero01,493,1454,121,12,0,6,27,148,174,365,33,91,3,30,15,0,0,0,0,0,0,0,0,0,NA,0
andresh01,569,1704,515,19,7,17,3,191,196,375,7,263,86,76,4,0,0,0,0,0,0,0,0,0,NA,0
andrest01,70,149,16,0,1,0,0,8,11,32,2,12,1,2,1,0,0,0,0,0,0,0,0,0,NA,0
andrewa01,40,142,0,0,0,0,0,17,22,28,5,14,0,11,4,0,0,0,0,0,0,0,0,0,NA,0
andrima01,25,1,0,0,0,0,0,0,0,0,0,0,0,0,0,3,0,0,2,49,8,69,30,197,4.11167512690355,0
andrubi01,6,9,3,0,0,0,0,0,0,0,0,1,0,0,0,0,0,0,0,0,0,0,0,0,NA,0
andruel01,1074,4119,614,29,30,2,95,361,573,1113,217,367,27,176,30,0,0,0,0,0,0,0,0,0,NA,0
andrufr01,9,41,5,0,0,0,0,1,9,12,0,2,0,3,0,1,0,1,0,2,1,11,2,27,2,0
andruwi01,1,4,1,0,0,0,0,0,0,0,0,0,0,0,0,0,0,0,0,0,0,0,0,0,NA,0
andujjo01,407,607,315,1,0,0,51,30,31,77,7,38,5,12,2,127,19,68,9,1032,155,2016,857,6459,3.58244310264747,0
andujlu01,35,0,0,0,0,0,0,0,0,0,0,0,0,0,0,3,0,0,0,49,21,160,82,370,5.98378378378378,0
angelno01,28,2,0,0,0,0,0,0,0,0,0,0,0,0,0,2,0,0,3,19,1,15,6,59,2.74576271186441,0
anglema01,31,79,13,0,1,0,3,12,12,14,11,7,1,4,0,0,0,0,0,0,0,0,0,0,NA,0
angleto01,5,16,2,0,0,0,3,2,1,4,0,6,0,1,0,0,0,0,0,0,0,0,0,0,NA,0
ankenpa01,15,29,5,0,0,0,2,0,2,7,0,3,0,1,0,0,0,0,0,0,0,0,0,0,NA,0
ankieri01,653,1921,555,12,12,13,8,162,260,462,21,251,76,101,10,13,0,0,1,269,32,198,105,726,3.90495867768595,0
annade01,13,23,6,1,0,0,0,2,3,3,0,3,1,1,0,0,0,0,0,0,0,3,2,3,18,0
annisbi01,27,96,8,0,0,0,0,0,17,17,0,3,0,2,0,0,0,0,0,0,0,0,0,0,NA,0
ansonca01,2523,10277,302,0,32,0,27,983,1996,3418,276,2076,97,581,142,0,0,0,1,1,2,4,2,12,4.5,0
anthoer01,682,1999,491,19,5,22,3,217,249,462,24,269,78,81,8,0,0,0,0,0,0,0,0,0,NA,0
antoljo01,4,6,0,0,0,0,0,1,1,2,0,0,0,0,0,0,0,0,0,0,0,0,0,0,NA,0
antonbi01,40,43,11,0,0,0,0,2,9,7,0,4,1,1,1,0,0,0,0,0,0,0,0,0,NA,0
antonjo01,135,528,29,0,2,0,6,24,50,133,1,29,1,28,2,0,0,0,0,0,0,0,0,0,NA,0
antonjo02,403,679,175,3,1,0,35,26,56,121,1,59,15,12,3,126,25,102,21,1162,185,1870,739,5977,3.33829680441693,0
antonma01,21,57,11,0,3,1,0,5,6,11,0,3,1,2,0,0,0,0,0,0,0,0,0,0,NA,0
aokino01,531,1963,169,9,36,2,24,171,266,563,81,156,24,91,16,0,0,0,0,0,0,0,0,0,NA,0
aparilu01,2601,10230,742,76,27,22,161,736,1335,2677,506,791,83,394,92,0,0,0,0,0,0,0,0,0,NA,0
apodabo01,184,58,17,1,0,0,3,5,4,10,0,3,0,3,0,16,0,1,26,197,22,312,114,1084,2.83948339483395,0
apontlu01,110,0,0,0,0,0,0,0,0,0,0,0,0,0,0,9,0,0,7,113,17,222,80,660,3.27272727272727,0
appieke01,414,83,39,0,1,0,5,1,4,8,0,4,0,0,0,169,12,34,0,1994,232,2425,1078,7786,3.73824813768302,0
appleed01,48,56,15,0,0,0,0,2,4,9,0,0,0,0,1,5,0,6,1,64,4,182,67,556,3.25359712230216,0
applefr01,3,7,0,0,0,0,1,0,0,2,0,1,0,0,0,1,0,3,0,12,0,29,15,63,6.42857142857143,0
applepe01,343,374,66,0,0,0,12,8,30,87,0,34,0,8,7,57,6,34,26,420,76,1187,545,3423,4.2988606485539,0
applilu01,2422,8856,528,0,11,0,74,1302,1319,2749,179,1116,45,440,102,0,0,0,0,0,0,0,0,0,NA,0
aquingr01,145,2,0,0,0,0,0,0,0,0,0,0,0,0,0,3,0,0,17,143,23,163,91,463,5.30669546436285,0
aquinlu01,222,35,9,0,0,0,5,1,2,4,0,0,0,0,0,31,3,5,5,318,45,698,277,2035,3.67518427518428,0
aragoan01,32,76,6,0,1,0,5,5,4,9,2,5,0,1,0,0,0,0,0,0,0,0,0,0,NA,0
aragoja01,1,0,0,0,0,0,0,0,0,0,0,0,0,0,0,0,0,0,0,0,0,0,0,0,NA,0
araujel01,40,1,1,0,0,0,0,0,0,0,0,0,0,0,0,2,0,0,0,34,1,29,13,104,3.375,0
archdma01,127,384,39,0,4,0,13,48,84,128,13,29,0,14,4,0,0,0,0,0,0,0,0,0,NA,0
archech01,97,13,7,0,0,0,0,0,1,0,0,0,0,0,0,32,3,3,0,562,49,482,209,1694,3.33116883116883,0
archefr01,7,15,3,0,0,0,0,2,1,4,0,1,0,0,0,2,0,2,0,11,3,45,28,119,6.35294117647059,0
archeji01,847,2646,241,0,19,0,93,124,246,660,36,296,16,106,34,0,0,0,0,0,0,0,0,0,NA,0
archeji02,57,64,19,1,0,0,6,2,2,5,0,4,0,1,0,9,2,9,5,122,19,244,102,699,3.93991416309013,0
archige01,121,421,47,0,1,0,2,37,50,115,10,53,3,24,4,0,0,0,0,0,0,0,0,0,NA,0
arciajo01,293,615,107,0,9,1,9,29,78,132,17,35,1,24,6,0,0,0,0,0,0,0,0,0,NA,0
arciaos01,219,781,259,2,12,8,0,58,86,190,2,108,36,33,5,0,0,0,0,0,0,0,0,0,NA,0
ardelda01,7,4,2,0,0,0,1,1,1,1,0,0,0,0,0,0,0,0,0,0,0,0,0,0,NA,0
ardizru01,1,0,0,0,0,0,0,0,0,0,0,0,0,0,0,0,0,0,0,0,1,4,2,6,9,0
ardnejo01,110,415,64,0,2,0,0,18,34,88,9,39,0,14,2,0,0,0,0,0,0,0,0,0,NA,0
ardoida01,165,423,124,2,13,4,8,42,50,87,2,35,8,17,1,0,0,0,0,0,0,0,0,0,NA,0
arellfr01,77,142,0,0,0,0,7,3,8,24,3,6,1,1,2,24,2,25,8,148,5,358,104,1229,2.28478437754272,0
arenano01,401,1534,240,18,9,15,3,82,204,431,6,243,70,106,10,0,0,0,0,0,0,0,0,0,NA,0
arencjp01,467,1573,484,11,17,4,1,85,169,333,2,245,80,67,4,0,0,0,0,0,0,1,0,3,0,0
arftha01,300,906,133,0,2,0,11,137,116,229,8,118,13,46,13,0,0,0,0,0,0,0,0,0,NA,0
ariasal01,775,1773,211,16,23,14,17,181,203,470,10,196,18,84,6,0,0,0,0,0,0,0,0,0,NA,0
ariasal02,63,6,5,0,0,0,0,1,0,0,0,0,0,0,0,4,0,0,0,55,3,80,31,224,3.73660714285714,0
ariasge01,173,480,121,0,2,2,6,25,46,114,2,55,14,18,2,0,0,0,0,0,0,0,0,0,NA,0
ariasjo01,474,1052,150,9,8,7,12,37,112,279,13,95,7,46,11,0,0,0,0,0,0,0,0,0,NA,0
ariasru01,34,4,2,0,0,0,0,0,0,0,0,0,0,0,0,2,0,0,2,28,7,49,20,132,4.09090909090909,0
arletbu01,121,418,39,0,5,0,1,45,65,131,3,72,18,26,7,0,0,0,0,0,0,0,0,0,NA,0
arlicdo01,8,3,1,0,0,0,0,0,0,0,0,0,0,0,0,0,0,0,0,1,0,16,9,30,8.1,0
arlinst01,141,230,74,1,2,0,13,15,13,32,0,11,0,3,2,34,11,32,1,463,61,792,379,2366,4.32502113271344,0
armasma01,15,31,12,0,1,0,0,1,7,6,1,1,1,2,0,0,0,0,0,0,0,0,0,0,NA,0
armasto01,1432,5164,1201,52,15,37,11,260,614,1302,18,815,251,204,39,0,0,0,0,0,0,0,0,0,NA,0
armasto02,186,268,99,0,0,0,27,4,6,26,0,10,0,2,1,53,0,0,0,680,122,891,478,2777,4.64746128916097,0
armbrch01,131,355,0,0,2,0,8,52,24,53,6,12,0,11,1,0,0,0,0,0,0,0,0,0,NA,0
armbred01,224,265,71,3,1,0,9,24,46,65,15,19,4,11,6,0,0,0,0,0,0,0,0,0,NA,0
armbrha01,91,265,0,0,4,0,18,43,40,63,13,24,2,6,3,0,0,0,0,0,0,0,0,0,NA,0
armbror01,3,4,4,0,0,0,0,0,0,0,0,0,0,0,0,1,0,0,0,3,1,10,3,38,2.13157894736842,0
armstbo01,12,49,1,0,0,0,0,0,9,11,0,5,0,2,1,0,0,0,0,0,0,0,0,0,NA,0
armstge01,8,6,1,0,0,0,0,1,0,1,0,0,0,1,0,0,0,0,0,0,0,0,0,0,NA,0
armstho01,1,1,0,0,0,0,0,0,0,0,0,0,0,0,0,0,0,0,0,0,0,3,0,9,0,0
armstja01,153,185,83,0,2,0,26,2,8,21,0,8,0,2,0,40,1,4,0,510,102,807,400,2360,4.57627118644068,0
armstmi01,197,3,3,0,0,0,0,0,0,0,0,0,0,0,0,19,0,0,11,221,42,300,154,1014,4.10059171597633,0
armstsh01,8,0,0,0,0,0,0,0,0,0,0,0,0,0,0,0,0,0,0,11,1,5,2,24,2.25,0
arndtha01,271,985,0,0,7,0,18,85,118,244,27,99,6,26,20,0,0,0,0,0,0,0,0,0,NA,0
arndtla01,2,6,1,0,0,0,1,0,1,1,0,0,0,0,0,0,0,0,0,0,0,0,0,0,NA,0
arnolbi01,2,7,0,0,0,0,0,0,2,1,0,0,0,0,0,0,0,0,0,0,0,0,0,0,NA,0
arnolch01,273,435,76,4,1,5,1,42,47,103,1,51,4,12,5,0,0,0,0,0,0,0,0,0,NA,0
arnolja01,50,19,6,0,1,0,1,0,1,3,0,1,0,1,0,2,0,0,2,42,7,119,69,325,5.73230769230769,0
arnolsc01,6,0,0,0,0,0,0,0,0,0,0,0,0,0,0,0,0,0,0,8,0,9,4,20,5.4,0
arnolto01,38,0,0,0,0,0,0,0,0,0,0,0,0,0,0,0,0,0,0,25,8,96,44,235,5.05531914893617,0
arnovmo01,590,2013,139,0,10,0,21,185,234,577,17,261,22,104,12,0,0,0,0,0,0,0,0,0,NA,0
arnsbbr01,94,0,0,0,0,0,0,0,0,0,0,0,0,0,0,9,0,0,6,100,27,159,75,475,4.26315789473684,0
arntzor01,32,50,16,0,0,0,2,2,3,8,0,1,0,1,0,4,0,9,0,66,5,172,77,493,4.21703853955375,0
arochre01,124,69,31,0,0,0,10,3,3,7,0,3,0,2,0,18,1,2,11,190,37,363,151,993,4.10574018126888,0
arojo01,6,0,0,0,0,0,0,0,0,0,0,0,0,0,0,0,0,0,0,8,2,15,8,31,6.96774193548387,0
arredjo01,214,2,1,0,0,0,0,0,0,1,0,0,0,0,0,22,0,0,1,212,21,182,80,660,3.27272727272727,0
arrieja01,137,143,75,0,0,0,14,5,8,22,0,8,2,3,2,56,4,5,0,717,70,666,327,2386,3.70033528918692,0
arrigge01,195,179,59,0,0,0,8,9,10,27,0,11,1,6,1,35,3,9,4,433,56,605,285,1860,4.13709677419355,0
arrojro01,158,37,20,0,0,0,4,1,2,3,0,3,0,1,0,40,2,4,6,512,83,715,354,2100,4.55142857142857,0
arroybr01,421,603,266,3,1,0,82,14,35,77,1,29,6,16,0,145,6,16,1,1526,324,2413,1100,7094,4.18663659430505,0
arroyfe01,121,0,0,0,0,0,0,0,0,0,0,0,0,0,0,24,2,12,0,172,56,589,264,1607,4.43559427504667,0
arroylu01,246,128,28,1,0,0,11,2,5,29,0,8,1,2,0,40,1,10,44,336,58,524,232,1594,3.9297365119197,0
arroyru01,9,1,1,0,0,0,0,0,0,0,0,0,0,0,0,0,0,0,0,5,2,18,7,35,5.4,0
arrueer01,22,41,17,1,0,0,0,3,4,8,0,4,0,1,0,0,0,0,0,0,0,0,0,0,NA,0
arundha01,16,60,1,0,0,0,0,6,10,11,0,1,0,0,0,5,0,14,0,51,3,169,66,394,4.52284263959391,0
arundtu01,76,260,22,0,1,0,0,16,21,45,9,16,0,4,1,0,0,0,0,0,0,0,0,0,NA,0
asadora01,15,55,13,0,0,1,2,3,9,20,1,7,0,5,0,0,0,0,0,0,0,0,0,0,NA,0
asbelji01,17,33,9,0,0,0,0,3,6,6,0,3,0,2,0,0,0,0,0,0,0,0,0,0,NA,0
asbjoca01,97,221,45,0,2,0,2,9,19,52,0,27,1,10,1,0,0,0,0,0,0,0,0,0,NA,0
ascanjo01,43,2,1,0,0,0,0,0,0,0,0,0,0,0,0,1,0,0,0,41,7,57,27,138,5.28260869565217,0
ascheco01,300,984,256,3,5,10,3,74,102,242,2,107,27,55,4,0,0,0,0,0,0,0,0,0,NA,0
asencmi01,42,5,3,0,0,0,0,0,0,0,0,0,0,0,0,7,0,1,0,92,22,199,102,538,5.11895910780669,0
ashburi01,2189,8365,571,18,43,25,112,1198,1322,2574,234,586,29,317,109,0,0,0,0,0,0,0,0,0,NA,0
ashbyal01,1370,4123,622,41,11,66,55,461,397,1010,7,513,90,183,13,0,0,0,0,0,0,0,0,0,NA,0
ashbyan01,313,521,218,1,0,0,83,16,26,70,1,26,1,13,0,98,7,21,1,1173,205,1857,829,5432,4.12058173784978,0
asheral01,7,6,3,0,0,0,0,0,0,2,0,0,0,1,0,0,0,0,0,16,8,42,30,87,9.31034482758621,0
ashfotu01,222,510,75,6,1,6,5,47,42,111,5,55,6,31,1,0,0,0,0,0,0,0,0,0,NA,0
ashke01,58,46,8,0,0,0,1,1,3,6,0,1,0,1,0,6,0,5,2,47,6,178,89,484,4.96487603305785,0
ashlebi01,281,618,236,3,4,5,0,63,56,144,0,84,28,23,1,0,0,0,0,0,0,0,0,0,NA,0
ashlene01,12,20,8,0,1,0,0,0,2,2,0,1,0,1,0,0,0,0,0,0,0,0,0,0,NA,0
asmusto01,2,5,0,0,0,0,1,0,0,0,0,0,0,0,0,0,0,0,0,0,0,0,0,0,NA,0
asprobo01,1324,4369,459,32,29,52,36,333,386,1103,19,457,60,135,26,0,0,0,0,0,0,0,0,0,NA,0
asproke01,475,1483,149,10,6,4,13,179,171,369,7,124,19,69,3,0,0,0,0,0,0,0,0,0,NA,0
asselbr01,284,574,74,9,3,6,5,38,52,146,5,68,12,27,4,0,0,0,0,0,0,0,0,0,NA,0
assenpa01,884,36,12,0,0,0,7,5,3,3,0,0,0,1,0,61,0,0,56,807,73,817,336,2567,3.53408648227503,0
astacez01,28,21,12,0,0,0,2,0,0,3,0,0,0,0,0,5,0,0,0,72,25,107,58,260,6.02307692307692,0
astacpe01,395,676,256,0,5,0,89,5,31,90,0,28,0,7,1,129,12,31,0,1664,291,2292,1140,6590,4.67071320182094,0
astrojo01,544,1579,124,1,14,6,20,177,163,401,6,156,13,51,10,0,0,0,0,0,0,0,0,0,NA,0
atchisc01,300,2,1,0,0,0,0,0,0,0,0,0,0,0,0,17,0,0,3,253,35,327,140,1040,3.63461538461538,0
atchlju01,15,1,1,0,0,0,0,0,0,0,0,0,0,0,0,0,0,0,0,8,4,12,7,31,6.09677419354839,0
atherch01,65,242,0,0,2,0,4,21,28,60,2,23,0,5,6,0,0,0,0,0,0,0,0,0,NA,0
atherke01,342,1,1,0,0,0,0,0,0,0,0,0,0,0,0,33,0,0,26,349,75,546,251,1699,3.98881695114773,0
atilalu01,16,25,10,0,0,0,2,0,0,1,0,0,0,0,0,6,0,0,0,40,11,96,49,257,5.14785992217899,0
atkinal01,110,387,0,0,1,0,0,36,55,64,7,14,1,7,2,51,3,99,0,435,21,943,403,2745,3.96393442622951,0
atkinbi01,99,10,1,0,0,0,1,0,0,3,0,1,0,0,0,11,0,0,11,99,17,129,56,442,3.42081447963801,0
atkined01,2,8,0,0,0,0,0,0,2,0,0,0,0,0,0,0,0,0,0,0,0,0,0,0,NA,0
atkinga01,817,2928,449,34,20,12,0,291,399,835,8,488,99,169,7,0,0,0,0,0,0,0,0,0,NA,0
atkinja01,4,5,2,0,0,0,0,0,0,2,0,0,0,0,0,0,0,0,0,2,1,15,6,45,3.6,0
atkinle01,1,1,0,0,0,0,0,0,1,0,0,0,0,0,0,0,0,0,0,0,0,0,0,0,NA,0
atkinmi01,10,2,1,0,0,0,0,0,0,0,0,0,0,0,0,0,0,0,0,17,7,34,17,68,6.75,0
atkinto01,16,19,0,0,0,0,0,0,0,2,0,0,0,0,0,3,0,2,2,33,0,59,20,189,2.85714285714286,0
attredi01,61,144,23,0,0,0,5,20,26,31,1,16,1,2,2,0,0,0,0,0,0,0,0,0,NA,0
atwelto01,378,1117,84,7,8,10,11,161,116,290,4,110,9,41,7,0,0,0,0,0,0,0,0,0,NA,0
atwoobi01,342,961,89,0,3,0,13,93,82,220,4,112,7,41,4,0,0,0,0,0,0,0,0,0,NA,0
atzja01,209,605,0,0,6,0,33,69,64,132,23,49,0,21,3,0,0,0,0,0,0,0,0,0,NA,0
aubreha01,96,325,0,0,5,0,9,18,26,69,7,27,0,8,2,0,0,0,0,0,0,0,0,0,NA,0
aubremi01,46,135,15,0,0,0,0,10,14,35,0,17,6,7,0,0,0,0,0,0,0,0,0,0,NA,0
aucoide01,2,0,0,0,0,0,0,0,0,0,0,0,0,0,0,0,0,0,0,1,0,3,1,8,3.375,0
auderi01,62,151,35,0,0,0,0,7,11,34,1,24,2,9,0,0,0,0,0,0,0,0,0,0,NA,0
auerbri01,624,1407,198,5,6,10,22,127,167,309,36,86,9,56,5,0,0,0,0,0,0,0,0,0,NA,0
augenbr01,12,4,1,0,0,0,0,1,1,1,0,0,0,0,0,0,0,0,0,12,3,34,21,68,8.33823529411765,0
augusda01,29,29,6,0,0,0,0,0,4,6,0,0,0,1,0,0,0,0,0,0,0,0,0,0,NA,0
augusdo01,88,0,0,0,0,0,0,0,0,0,0,0,0,0,0,34,3,9,0,181,47,491,227,1320,4.64318181818182,0
augusje01,279,0,0,0,0,0,0,0,0,0,0,0,0,0,0,55,6,27,11,348,87,1028,444,2832,4.23305084745763,0
aukerel01,356,700,232,0,2,0,41,41,73,131,2,72,6,15,9,130,14,126,2,594,129,2230,964,5890,4.41901528013582,0
auldsle01,3,4,1,0,0,0,0,0,0,1,0,0,0,0,0,0,0,0,0,0,0,0,0,0,NA,0
aultdo01,256,713,108,4,7,6,5,71,66,168,4,86,17,29,5,0,0,0,0,0,0,0,0,0,NA,0
aumonph01,46,1,1,0,0,0,0,1,0,0,0,0,0,0,0,1,0,0,2,42,5,53,33,131,6.80152671755725,0
aurilri01,1652,5721,861,47,24,22,36,450,745,1576,23,756,186,301,22,0,0,0,0,0,0,0,0,0,NA,0
ausanjo01,41,0,0,0,0,0,0,0,0,0,0,0,0,0,0,4,0,0,1,51,12,58,33,160,5.56875,0
ausmubr01,1971,6279,1034,37,69,69,82,634,718,1579,102,607,80,270,34,0,0,0,0,0,0,0,0,0,NA,0
austde01,15,2,2,0,0,0,0,0,0,0,0,0,0,0,0,0,0,0,2,14,1,18,11,51,5.82352941176471,0
austihe01,23,101,4,0,0,0,0,0,10,25,0,11,0,3,3,0,0,0,0,0,0,0,0,0,NA,0
austije01,38,8,5,0,0,0,2,0,0,1,0,0,0,0,0,2,0,0,0,55,13,69,49,196,6.75,0
austiji01,1580,5388,363,0,44,0,278,592,661,1328,244,390,13,174,76,0,0,0,0,0,0,0,0,0,NA,0
austiji02,83,0,0,0,0,0,0,0,0,0,0,0,0,0,0,6,0,0,0,48,6,74,34,300,3.06,0
austiri01,89,19,11,0,0,0,0,3,0,2,0,0,0,1,0,4,1,1,6,106,17,141,70,408,4.63235294117647,0
autryal01,1,2,1,0,0,0,0,0,0,0,0,0,0,0,0,1,0,0,0,3,2,4,3,15,5.4,0
autrych01,81,257,0,0,2,0,15,24,22,50,6,17,0,6,0,0,0,0,0,0,0,0,0,0,NA,0
autrych02,120,277,29,0,2,0,10,7,21,68,0,33,2,17,3,0,0,0,0,0,0,0,0,0,NA,0
avenbr01,259,609,135,6,11,1,0,57,85,166,6,103,20,33,2,0,0,0,0,0,0,0,0,0,NA,0
averiea01,1668,6353,518,0,33,0,55,774,1224,2019,70,1164,238,401,128,0,0,0,0,0,0,0,0,0,NA,0
averiea02,449,1031,220,11,8,8,5,162,137,249,3,159,44,41,0,0,0,0,0,0,0,0,0,0,NA,0
averyst01,306,437,135,5,0,0,41,12,35,76,1,32,4,14,4,96,6,14,0,980,148,1529,723,4664,4.18546312178388,0
averyxa01,32,94,23,0,0,0,2,11,14,21,6,6,1,6,1,0,0,0,0,0,0,0,0,0,NA,0
avilaal01,683,2084,653,16,11,12,9,325,246,504,7,282,66,111,7,0,0,0,0,0,0,0,0,0,NA,0
avilabo01,1300,4620,399,14,14,3,134,561,725,1296,78,467,80,185,35,0,0,0,0,0,0,0,0,0,NA,0
avilalu01,241,4,0,0,0,0,2,0,0,1,0,0,0,0,0,12,0,0,0,145,10,162,65,593,2.95952782462057,0
avilemi01,810,2756,382,30,12,4,32,126,358,731,76,292,58,132,12,0,0,0,0,0,0,0,0,0,NA,0
avilera01,117,190,22,2,1,3,9,21,21,51,0,24,2,9,0,0,0,0,0,0,0,0,0,0,NA,0
avreaja01,2,2,1,0,0,0,0,0,0,0,0,0,0,0,0,0,0,0,0,2,0,6,2,16,3.375,0
axelrdy01,59,8,6,0,0,0,1,0,1,1,0,0,0,0,0,9,0,0,0,164,43,269,134,686,5.27405247813411,0
axforjo01,403,1,1,0,0,0,0,0,0,0,0,0,0,0,0,28,0,0,141,454,35,339,150,1152,3.515625,0
ayalabe01,425,865,136,12,2,7,1,71,114,217,2,145,38,42,1,0,0,0,0,0,0,0,0,0,NA,0
ayalabo01,406,31,13,0,0,0,3,0,2,2,0,1,0,1,0,37,0,0,59,541,71,581,306,1728,4.78125,0
ayalalu01,534,14,3,0,0,0,3,0,0,4,0,0,0,1,0,38,0,0,19,367,54,581,206,1663,3.34455802766085,0
aybarer01,1220,4427,543,33,42,10,69,226,572,1223,141,417,48,222,43,0,0,0,0,0,0,0,0,0,NA,0
aybarma01,210,70,28,0,0,0,4,2,6,13,0,5,1,0,0,17,0,0,3,273,49,413,222,1173,5.10997442455243,0
aybarwi01,405,1219,206,8,14,6,7,142,137,315,7,157,33,68,2,0,0,0,0,0,0,0,0,0,NA,0
aydelja01,14,50,0,0,0,0,0,3,1,5,0,0,0,1,0,5,0,13,0,35,0,150,66,372,4.79032258064516,0
ayersbi01,13,8,3,0,0,0,2,0,0,2,0,2,0,1,0,0,0,0,1,22,7,46,32,106,8.15094339622642,0
ayersdo01,299,420,72,0,1,0,17,13,20,72,1,23,0,10,2,65,17,58,15,622,23,1357,451,4286,2.84111059262716,0
aylwadi01,4,3,1,0,0,0,0,0,0,0,0,0,0,0,0,0,0,0,0,0,0,0,0,0,NA,0
ayraubo01,54,2,2,0,0,0,0,0,0,0,0,0,0,0,0,5,0,0,0,42,2,68,33,220,4.05,0
ayraujo01,7,5,1,0,1,0,0,0,0,1,0,0,0,0,0,0,0,0,0,0,0,0,0,0,NA,0
azcuejo01,909,2828,344,32,17,45,11,207,201,712,5,304,50,94,9,0,0,0,0,0,0,0,0,0,NA,0
azocaos01,202,439,36,3,2,2,4,12,38,99,10,36,5,16,0,0,0,0,0,0,0,0,0,0,NA,0
babbch01,347,1180,0,0,45,0,26,125,144,287,66,116,0,41,13,0,0,0,0,0,0,0,0,0,NA,0
babcobo01,39,0,0,0,0,0,0,0,0,0,0,0,0,0,0,2,0,0,0,39,6,48,25,172,3.92441860465116,0
babelo01,120,382,26,0,2,0,3,39,37,85,1,26,2,18,2,0,0,0,0,0,0,0,0,0,NA,0
babicjo01,112,211,63,0,2,0,7,4,14,36,1,10,0,5,0,30,3,34,1,231,38,657,324,1776,4.92567567567568,0
babinch01,28,33,4,0,1,0,1,0,5,8,1,2,0,3,1,0,0,0,0,0,0,0,0,0,NA,0
babitsh01,54,156,13,0,0,1,2,13,10,40,5,14,0,1,3,0,0,0,0,0,0,0,0,0,NA,0
backebr01,153,133,48,0,2,0,13,10,22,34,1,16,4,5,2,31,1,1,0,360,87,574,305,1576,5.2252538071066,0
backmle01,47,74,12,0,2,0,1,8,3,8,0,5,0,1,1,9,0,12,2,76,5,263,98,733,3.60982264665757,0
backmwa01,1102,3245,480,19,5,9,68,371,482,893,117,240,10,138,19,0,0,0,0,0,0,0,0,0,NA,0
baconed01,4,6,0,0,0,0,0,0,1,3,0,2,0,1,0,0,0,0,0,0,0,5,4,18,6,0
bacsimi01,73,0,0,0,0,0,0,0,0,0,0,0,0,0,0,8,0,0,0,77,12,190,85,518,4.43050193050193,0
bacsimi02,51,50,10,0,0,0,7,1,1,5,0,3,0,2,0,10,0,1,0,97,41,261,131,648,5.45833333333333,0
baczefr01,63,89,34,0,0,0,10,2,5,12,0,2,1,0,0,17,2,14,1,104,38,306,138,838,4.44630071599045,0
badenbu01,418,33,19,0,0,0,5,1,1,3,0,2,0,1,0,20,0,0,4,350,35,519,213,1537,3.74170461938842,0
baderar01,2,3,0,0,0,0,0,1,0,0,0,0,0,0,0,0,0,0,0,0,0,0,0,0,NA,0
baderlo01,22,22,3,0,1,0,1,0,1,4,0,1,0,0,0,5,1,3,1,27,2,83,21,226,2.50884955752212,0
badgrre01,143,382,42,0,4,0,12,24,57,98,4,45,2,30,3,0,0,0,0,0,0,0,0,0,NA,0
baeched01,64,42,10,0,0,0,3,0,4,8,0,2,0,0,0,5,0,3,0,61,9,200,99,481,5.55717255717256,0
baekch01,61,30,8,0,0,0,8,1,2,5,0,2,1,1,0,16,0,1,0,184,35,294,150,839,4.82717520858165,0
baergca01,1630,5439,580,66,73,41,26,291,731,1583,59,774,134,279,17,0,0,0,0,0,0,0,0,0,NA,0
baezbe01,8,1,0,0,0,0,0,0,0,0,0,0,0,0,0,0,0,0,0,14,3,22,14,28,13.5,0
baezda01,533,6,1,0,0,0,0,0,1,1,0,0,0,0,0,40,0,1,114,505,71,652,329,2091,4.24820659971306,0
baezja01,80,289,119,0,1,1,0,19,29,58,6,24,10,12,0,0,0,0,0,0,0,0,0,0,NA,0
baezjo01,114,355,27,0,1,2,10,25,47,87,7,19,1,14,2,0,0,0,0,0,0,0,0,0,NA,0
baezke01,63,151,17,0,0,1,4,13,10,27,0,7,0,10,0,0,0,0,0,0,0,0,0,0,NA,0
baezpe01,72,0,0,0,0,0,0,0,0,0,0,0,0,0,0,4,0,0,0,78,7,63,26,225,3.12,0
bagbyji01,325,660,91,0,2,0,30,32,69,144,3,60,2,35,6,127,16,133,29,450,47,1884,629,5465,3.10759377859103,0
bagbyji02,322,620,68,0,3,0,32,8,59,140,1,56,3,16,2,97,13,84,9,431,98,1815,733,4999,3.95899179835967,0
bagwebi01,92,143,14,0,0,0,4,8,12,42,0,20,2,6,3,0,0,0,0,0,0,0,0,0,NA,0
bagweje01,2150,7797,1558,102,128,155,3,1401,1517,2314,202,1529,449,488,32,0,0,0,0,0,0,0,0,0,NA,0
bahnsst01,575,479,225,1,1,0,43,19,22,56,0,19,1,8,2,146,16,73,20,1359,223,2440,1013,7587,3.60498220640569,0
bahred01,50,68,18,0,0,0,4,0,2,10,0,5,0,0,1,11,0,8,0,69,13,210,82,657,3.36986301369863,0
bahrefr01,2,8,0,0,0,0,0,0,0,0,0,0,0,0,0,0,0,0,0,0,0,0,0,0,NA,0
baichgr01,4,1,1,0,0,0,0,0,0,0,0,0,0,0,0,0,0,0,0,3,0,9,4,21,5.14285714285714,0
bailean01,216,0,0,0,0,0,0,0,0,0,0,0,0,0,0,11,0,0,89,233,22,170,69,680,2.73970588235294,0
bailebi01,209,366,38,0,0,0,14,20,23,71,3,15,0,4,1,38,8,70,0,570,20,1035,430,3253,3.56901321856748,0
bailebi02,5,9,0,0,0,0,0,0,1,1,0,0,0,0,0,0,0,0,0,0,0,0,0,0,NA,0
bailebo01,1931,6082,1126,52,17,67,40,852,772,1564,85,773,189,234,43,0,0,0,0,0,0,0,0,0,NA,0
baileco01,172,2,0,0,0,0,1,2,2,1,0,0,0,0,0,9,0,0,1,150,13,208,91,621,3.95652173913043,0
baileed01,1212,3581,577,37,25,77,20,545,432,915,17,540,155,128,15,0,0,0,0,0,0,0,0,0,NA,0
bailefr01,60,124,29,0,3,0,2,9,10,23,3,6,1,2,1,0,0,0,0,0,0,0,0,0,NA,0
bailege01,213,634,61,0,7,0,23,63,95,156,13,52,2,16,7,0,0,0,0,0,0,0,0,0,NA,0
baileha01,16,43,0,0,1,0,0,2,5,10,0,3,0,2,1,6,0,8,0,35,7,107,49,320,4.134375,0
baileho01,50,0,0,0,0,0,0,0,0,0,0,0,0,0,0,6,0,0,1,41,15,120,69,356,5.23314606741573,0
baileho02,172,304,119,0,1,0,41,9,18,48,0,17,0,6,0,58,4,6,0,832,117,999,470,3030,4.18811881188119,0
baileje01,56,136,39,0,4,1,0,19,25,31,0,16,6,4,3,0,0,0,0,0,0,0,0,0,NA,0
baileji01,3,3,2,0,0,0,0,0,0,0,0,0,0,0,0,0,0,0,0,7,1,17,8,35,6.17142857142857,0
baileki01,1,4,1,0,0,0,0,0,2,2,1,1,0,1,0,1,0,1,0,0,0,13,5,24,5.625,0
bailema01,340,949,222,5,3,23,3,166,101,209,2,101,24,37,1,0,0,0,0,0,0,0,0,0,NA,0
bailero01,93,97,22,0,0,0,11,6,15,20,0,8,1,1,1,18,2,5,1,162,43,392,194,1068,4.90449438202247,0
bailesc01,343,0,0,0,0,0,0,0,0,0,0,0,0,0,0,39,2,5,13,351,89,758,374,2039,4.95242766061795,0
bailest01,34,10,5,0,0,0,0,1,0,0,0,0,0,0,0,2,0,0,2,47,6,66,30,209,3.8755980861244,0
bailesw01,52,30,11,0,0,0,1,4,1,8,0,1,0,1,0,4,0,0,0,35,4,171,70,412,4.5873786407767,0
bailobo01,955,2937,164,20,20,10,42,187,339,775,90,222,9,107,23,0,0,0,0,0,0,4,2,7,7.71428571428571,0
baineha01,2830,9908,1441,99,14,187,9,1062,1299,2866,34,1628,384,488,49,0,0,0,0,0,0,0,0,0,NA,0
bainlo01,3,3,0,0,0,0,0,0,1,1,0,0,0,0,0,0,0,0,0,1,1,10,7,24,7.875,0
bairdal01,48,107,11,0,0,0,1,7,9,27,5,9,0,1,0,0,0,0,0,0,0,0,0,0,NA,0
bairdbo01,8,6,2,0,0,0,0,0,0,1,0,0,0,0,0,0,0,0,0,10,1,25,18,67,7.25373134328358,0
bairddo01,617,2106,295,0,12,0,78,157,230,492,118,191,6,86,45,0,0,0,0,0,0,0,0,0,NA,0
bairdo01,584,52,23,0,0,0,4,0,2,5,0,4,1,1,0,55,0,0,81,689,86,839,367,2728,3.63233137829912,0
baislje01,14,43,7,0,0,0,0,4,1,11,0,5,0,1,0,0,0,0,0,0,0,0,0,0,NA,0
bajenje01,14,0,0,0,0,0,0,0,0,0,0,0,0,0,0,0,0,0,0,11,5,23,17,41,11.1951219512195,0
bakelje01,222,727,86,0,3,0,0,83,70,111,2,33,2,12,4,76,7,191,0,669,43,1909,725,5348,3.66024682124159,0
bakenda01,2,0,0,0,0,0,0,0,0,0,0,0,0,0,0,0,0,0,0,0,1,9,2,9,6,0
bakeral01,3,4,0,0,0,0,0,0,0,0,0,0,0,0,0,0,0,0,0,2,2,13,8,23,9.39130434782609,0
bakerbi01,263,588,30,0,3,0,5,68,45,145,6,68,2,25,5,0,0,0,0,0,0,0,0,0,NA,0
bakerbo01,2,7,0,0,0,0,0,0,0,1,0,1,0,0,0,0,0,1,0,1,0,29,12,42,7.71428571428571,0
bakerch01,15,57,0,0,0,0,0,0,5,8,0,0,1,2,0,0,0,0,0,0,0,0,0,0,NA,0
bakerch02,93,146,27,0,0,0,9,3,14,27,0,9,0,2,3,0,0,0,0,0,0,0,0,0,NA,0
bakerda01,9,20,3,0,2,0,1,3,3,5,0,2,0,1,0,0,0,0,0,0,0,0,0,0,NA,0
bakerde01,173,302,32,0,2,0,18,32,27,63,5,22,0,9,4,0,0,0,0,0,0,0,0,0,NA,0
bakerdo01,136,246,62,1,3,0,8,18,38,51,3,22,0,11,2,0,0,0,0,0,0,0,0,0,NA,0
bakerdu01,2039,7117,926,85,30,52,27,762,964,1981,137,1013,242,320,23,0,0,0,0,0,0,0,0,0,NA,0
bakerer01,1,2,0,0,0,0,0,0,0,0,0,0,0,0,0,0,0,0,0,1,1,7,2,12,4.5,0
bakerfl01,874,2280,165,0,6,0,26,382,285,573,23,196,1,76,13,0,0,0,0,0,0,0,0,0,NA,0
bakerfr01,1575,5984,182,0,50,0,153,473,887,1838,235,987,96,315,103,0,0,0,0,0,0,0,0,0,NA,0
bakerfr02,125,353,68,3,2,3,0,26,39,82,3,38,4,17,4,0,0,0,0,0,0,0,0,0,NA,0
bakerfr03,146,288,60,2,2,3,2,40,28,55,4,24,1,8,3,0,0,0,0,0,0,0,0,0,NA,0
bakerge01,126,474,29,0,0,0,0,14,45,74,0,5,0,6,0,0,0,0,0,0,0,0,0,0,NA,0
bakerge02,630,2230,219,18,9,9,50,184,265,590,21,227,39,109,21,0,0,0,0,0,0,0,0,0,NA,0
bakerho01,29,82,10,0,0,0,1,8,5,18,2,7,0,1,1,0,0,0,0,0,0,0,0,0,NA,0
bakerja01,14,26,6,1,0,0,0,1,1,3,0,2,1,0,0,0,0,0,0,0,0,0,0,0,NA,0
bakerje01,22,29,0,0,1,0,0,2,0,3,0,3,0,0,0,2,0,3,1,51,3,101,41,282,3.92553191489362,0
bakerje02,1,0,0,0,0,0,0,0,0,0,0,1,0,0,0,0,0,0,0,0,0,0,0,0,NA,0
bakerje03,748,1793,472,16,9,6,1,139,244,474,14,235,54,108,15,0,0,0,0,0,0,0,0,0,NA,0
bakerjo01,359,1076,269,7,10,15,8,127,124,266,2,120,14,57,1,1,0,0,0,0,0,0,0,3,0,0
bakerki01,65,166,13,0,2,0,0,22,19,35,2,10,0,1,2,9,2,34,0,115,20,483,254,1113,6.16172506738544,0
bakerne01,5,6,2,0,0,0,0,0,0,1,0,2,0,0,0,0,0,0,0,3,2,27,11,52,5.71153846153846,0
bakerno01,31,106,0,0,2,0,0,2,16,18,0,6,0,2,0,14,1,28,0,94,3,250,96,759,3.41501976284585,0
bakerph01,195,817,32,0,0,0,0,39,134,212,16,34,3,20,11,0,0,0,0,0,0,0,0,0,NA,0
bakersc01,1,0,0,0,0,0,0,0,0,0,0,0,0,0,0,0,0,0,0,3,0,5,4,11,9.81818181818182,0
bakersc02,193,32,13,0,0,0,6,0,1,3,0,0,0,1,0,66,2,4,0,839,145,1089,504,3194,4.26048841577959,0
bakerst01,84,0,0,0,0,0,0,0,0,0,0,0,0,0,0,7,0,0,6,131,26,262,135,711,5.12658227848101,0
bakerto01,70,58,6,0,0,0,0,3,5,18,0,5,0,4,0,3,0,3,2,58,6,195,91,519,4.73410404624277,0
bakerto02,10,3,2,0,0,0,0,0,0,0,0,0,0,0,0,0,0,0,0,14,2,20,6,54,3,0
bakertr01,1,0,0,0,0,0,1,0,0,0,0,0,0,0,0,0,0,0,0,0,0,0,0,0,NA,0
bakopa01,789,2202,589,13,7,36,16,233,195,508,4,195,24,98,11,0,0,0,0,0,0,0,0,0,NA,0
balasmi01,1,0,0,0,0,0,0,0,0,0,0,0,0,0,0,0,0,0,0,0,0,3,1,4,6.75,0
balazjo01,59,162,35,1,1,0,2,7,14,39,0,15,2,8,1,0,0,0,0,0,0,0,0,0,NA,0
balbost01,960,3120,856,27,19,21,1,273,351,714,1,495,181,127,11,0,0,0,0,0,0,0,0,0,NA,0
balcebo01,7,2,1,0,0,0,0,0,2,0,0,0,0,0,0,0,0,0,0,0,0,0,0,0,NA,0
baldero01,519,1910,388,15,31,8,7,102,281,531,60,262,60,99,18,0,0,0,0,0,0,0,0,0,NA,0
baldsja01,457,78,41,0,0,0,8,5,5,7,1,3,0,1,0,48,0,0,60,555,45,687,289,2112,3.69460227272727,0
baldwbi01,39,117,16,1,0,0,1,6,12,27,2,13,5,4,1,0,0,0,0,0,0,0,0,0,NA,0
baldwda01,176,15,10,0,0,0,0,1,1,1,0,0,0,0,0,6,0,0,22,164,17,190,77,674,3.08456973293769,0
baldwfr01,16,20,9,0,0,0,0,1,0,2,0,0,0,0,0,0,0,0,0,0,0,0,0,0,NA,0
baldwha01,12,11,2,0,0,0,1,0,4,4,0,0,0,0,0,3,0,1,0,5,5,45,17,104,4.41346153846154,0
baldwhe01,6,16,2,0,0,0,0,1,1,5,0,1,0,0,0,0,0,0,0,0,0,0,0,0,NA,0
baldwja01,266,44,20,0,0,0,3,0,1,4,0,2,0,1,1,79,2,7,2,844,203,1443,737,3968,5.0148689516129,0
baldwje01,7,8,2,0,0,0,0,1,1,0,0,0,0,0,0,0,0,0,0,0,0,0,0,0,NA,0
baldwki01,441,1677,38,0,13,0,0,36,186,371,40,178,7,56,27,0,0,0,0,1,0,5,4,12,9,0
baldwla01,134,494,77,0,1,0,0,40,68,114,7,55,0,16,7,73,9,112,1,582,31,921,322,3051,2.84955752212389,0
baldwma01,348,1155,368,0,1,0,0,82,109,188,18,106,10,21,18,156,14,296,4,1354,82,2699,1051,8434,3.36459568413564,0
baldwof01,4,6,0,0,0,0,0,0,0,0,0,0,0,0,0,1,0,0,0,5,0,16,10,44,6.13636363636364,0
baldwre01,52,87,4,0,0,0,0,3,5,21,0,12,1,6,0,0,0,0,0,0,0,0,0,0,NA,0
baldwri01,105,22,9,0,0,0,2,0,2,6,0,0,0,0,0,4,0,0,7,86,10,173,73,548,3.59671532846715,0
balejo01,109,17,8,0,0,0,0,0,0,2,0,0,0,0,0,3,0,0,1,148,16,183,90,521,4.66410748560461,0
balenmi01,78,219,33,0,1,0,9,6,19,40,6,11,0,2,4,0,0,0,0,0,0,0,0,0,NA,0
balenwl01,170,511,149,4,0,2,0,44,54,113,2,52,15,31,1,0,0,0,0,0,0,0,0,0,NA,0
balesco01,88,28,10,0,1,0,11,2,1,4,0,1,0,0,0,8,0,0,0,157,39,210,122,602,5.47176079734219,0
balesle01,31,43,12,1,0,0,1,8,8,4,1,2,0,0,0,0,0,0,0,0,0,0,0,0,NA,0
balfogr01,534,2,2,0,0,0,0,0,0,0,0,0,0,0,0,30,0,0,84,571,47,406,209,1619,3.48548486720198,0
ballaje01,197,13,4,0,0,0,1,0,0,5,0,0,0,1,0,41,2,10,2,244,92,914,405,2320,4.71336206896552,0
ballar01,33,84,1,0,1,0,2,7,7,16,2,8,0,2,0,0,0,0,0,0,0,0,0,0,NA,0
balleja01,94,14,7,0,1,0,2,0,0,1,0,0,0,0,0,4,0,0,6,117,26,169,91,469,5.23880597014925,0
ballepe01,3,9,1,0,0,0,0,0,0,1,0,0,0,0,0,0,0,0,0,0,0,0,0,0,NA,0
ballima01,18,5,2,0,0,0,0,0,1,1,0,0,0,0,0,1,0,0,0,25,3,30,18,104,4.67307692307692,0
ballje01,2,4,0,0,0,0,0,0,0,1,0,0,0,0,0,0,0,0,0,0,0,0,0,0,NA,0
ballji01,16,51,0,0,0,0,1,3,4,7,0,3,0,2,0,0,0,0,0,0,0,0,0,0,NA,0
ballne01,501,1609,13,0,4,0,60,99,162,404,92,151,4,56,17,0,0,0,0,0,0,0,0,0,NA,0
ballowi01,99,93,36,0,0,0,5,6,6,5,0,2,1,2,0,19,0,10,2,109,22,398,187,989,5.1051567239636,0
balsato01,18,5,3,0,0,0,0,0,1,1,0,0,0,1,0,0,0,0,0,27,1,34,21,88,6.44318181818182,0
bambege01,11,2,1,0,0,0,0,0,0,0,0,0,0,0,0,0,0,0,1,3,4,25,15,43,9.41860465116279,0
bambeha01,7,12,2,0,0,0,0,1,0,1,0,0,0,0,0,0,0,0,0,0,0,0,0,0,NA,0
banckst01,19,72,3,0,0,0,0,0,3,11,1,2,0,0,0,0,0,0,0,0,0,0,0,0,NA,0
bancrda01,1913,7182,487,0,23,0,212,827,1048,2004,145,591,32,320,77,0,0,0,0,0,0,0,0,0,NA,0
bandoch01,498,1284,197,16,2,6,27,138,134,292,1,142,27,46,2,0,0,0,0,0,0,0,0,0,NA,0
bandosa01,2019,7060,923,57,75,69,65,1031,982,1790,75,1039,242,289,38,0,0,0,0,0,0,3,2,9,6,0
bandyje01,2,2,0,0,0,0,0,0,1,1,0,1,1,0,0,0,0,0,0,0,0,0,0,0,NA,0
baneed01,45,0,0,0,0,0,0,0,0,0,0,0,0,0,0,7,0,1,2,80,13,182,87,504,4.66071428571429,0
baneydi01,42,16,4,0,1,0,3,0,0,2,0,0,0,0,0,4,0,0,3,38,7,98,43,271,4.28413284132841,0
banisje01,1,1,0,0,0,0,0,0,0,1,0,0,0,0,0,0,0,0,0,0,0,0,0,0,NA,0
bankhda01,62,45,7,0,2,0,0,1,7,10,0,3,1,1,0,9,1,2,4,111,22,161,111,460,6.51521739130435,0
bankhsc01,267,9,7,0,0,0,2,0,0,2,0,0,0,0,0,57,3,7,1,614,111,876,418,2703,4.17536071032187,0
banksbi01,5,14,5,0,0,0,0,1,0,3,0,0,0,0,0,1,0,3,0,10,2,49,27,90,8.1,0
banksbr01,273,495,129,5,2,6,5,62,65,122,8,64,13,19,3,0,0,0,0,0,0,0,0,0,NA,0
bankser01,2528,9421,1236,96,70,198,45,763,1305,2583,50,1636,512,407,90,0,0,0,0,0,0,0,0,0,NA,0
banksev01,11,36,5,0,1,0,0,2,6,5,1,2,1,1,1,0,0,0,0,0,0,0,0,0,NA,0
banksge01,106,201,59,4,2,1,1,37,33,44,0,27,9,6,2,0,0,0,0,0,0,0,0,0,NA,0
banksjo01,30,27,6,0,0,0,2,4,4,3,0,0,0,0,0,4,0,1,0,55,20,143,75,358,5.65642458100559,0
bankswe01,17,59,15,1,1,0,0,2,4,12,0,4,1,3,0,0,0,0,0,0,0,0,0,0,NA,0
bankswi01,184,68,23,0,2,0,8,2,5,12,0,1,0,2,0,33,1,1,2,428,65,632,322,1831,4.74822501365374,0
bannial01,972,3007,318,28,13,13,33,292,430,811,108,288,19,143,28,0,0,0,0,0,0,0,0,0,NA,0
bannibr01,117,29,9,0,1,0,3,0,3,8,0,4,0,4,0,37,0,2,0,384,86,724,377,2002,5.08441558441558,0
bannifl01,431,80,26,0,0,0,11,2,6,14,0,1,0,1,0,134,16,62,0,1723,291,2320,1078,7164,4.06281407035176,0
banniji01,3,1,0,0,0,0,0,0,0,0,0,0,0,0,0,0,0,0,0,0,0,0,0,0,NA,0
bannoji01,366,1433,101,0,11,0,20,152,292,459,99,253,19,76,24,0,0,0,0,2,2,18,12,27,12,0
bannoto01,39,166,9,0,0,0,3,8,34,44,20,8,0,7,2,0,0,0,0,0,0,0,0,0,NA,0
bantaja01,69,61,11,0,0,0,1,4,3,7,0,3,0,1,0,14,1,3,5,116,15,176,86,614,3.78175895765472,0
bantzbr01,1,2,1,0,0,0,0,0,0,0,0,0,0,0,0,0,0,0,0,0,0,0,0,0,NA,0
banuema01,7,3,1,0,0,0,4,0,0,0,0,0,0,0,0,1,0,0,0,19,4,30,15,79,5.12658227848101,0
baptitr01,13,0,0,0,0,0,0,0,0,0,0,0,0,0,0,0,0,0,0,11,5,34,17,81,5.66666666666667,0
barajro01,1114,3460,638,39,46,31,28,207,396,812,2,480,136,187,1,0,0,0,0,0,0,0,0,0,NA,0
barbare01,1,1,0,0,0,0,0,0,0,0,0,0,0,0,0,0,0,0,0,0,0,0,0,0,NA,0
barbawa01,500,1777,121,0,6,0,83,88,173,462,37,156,1,52,21,0,0,0,0,0,0,0,0,0,NA,0
barbebr01,479,1434,268,11,32,10,18,164,163,388,16,133,16,73,6,0,0,0,0,0,0,0,0,0,NA,0
barbebr02,26,8,2,0,0,0,1,1,0,1,0,0,0,0,0,5,0,0,1,59,15,111,70,279,6.7741935483871,0
barbech01,55,204,0,0,0,0,0,11,38,41,0,0,0,1,4,0,0,0,0,0,0,0,0,0,NA,0
barbeda01,116,374,42,0,3,0,4,20,44,92,1,60,6,23,7,0,0,0,0,0,0,0,0,0,NA,0
barbefr01,4,5,0,0,0,0,1,0,0,0,0,0,0,0,0,1,0,1,0,1,0,26,12,52,6.23076923076923,0
barbeja01,199,712,3,0,11,0,18,78,96,160,39,46,0,25,8,0,0,0,0,0,0,0,0,0,NA,0
barbest01,466,563,320,1,2,0,45,38,24,65,0,27,5,5,2,121,21,59,13,1309,125,1818,747,5997,3.3631815907954,0
barbest02,25,7,2,0,0,0,1,0,0,0,0,0,0,0,0,1,0,0,2,18,3,34,22,117,5.07692307692308,0
barbetu01,491,1531,112,0,12,0,53,115,189,442,28,185,2,47,21,0,0,0,0,0,0,0,0,0,NA,0
barbiji01,39,82,7,0,0,1,1,9,9,23,2,3,0,5,0,0,0,0,0,0,0,0,0,0,NA,0
barcelo01,43,0,0,0,0,0,0,0,0,0,0,0,0,0,0,5,0,0,0,42,7,67,33,198,4.5,0
barclcu01,44,64,18,0,1,0,1,1,6,15,0,4,0,3,0,10,2,5,0,73,24,214,77,598,3.47658862876254,0
barclge01,401,1538,0,0,18,0,25,62,167,382,61,140,4,35,15,0,0,0,0,0,0,0,0,0,NA,0
bardda01,211,2,1,0,0,0,0,0,0,0,0,0,0,0,0,10,0,0,5,252,25,193,105,772,3.67227979274611,0
bardebr01,119,175,44,1,3,0,3,11,21,37,0,14,4,4,0,0,0,0,0,0,0,0,0,0,NA,0
bardjo01,586,1778,299,13,3,12,11,175,162,452,1,220,39,109,3,0,0,0,0,0,0,0,0,0,NA,0
barera01,88,5,4,0,0,0,0,0,1,1,0,1,0,0,0,16,3,9,1,145,28,398,181,1020,4.79117647058824,0
barfije01,1428,4759,1234,34,34,49,16,551,715,1219,66,716,241,216,30,0,0,0,0,0,0,0,0,0,NA,0
barfijo01,65,0,0,0,0,0,0,0,0,0,0,0,0,0,0,8,0,0,2,53,13,153,73,418,4.71531100478469,0
barfijo02,309,1012,188,9,5,7,5,44,133,267,35,112,16,53,6,0,0,0,0,0,0,0,0,0,NA,0
barfocl01,90,76,13,0,0,0,1,6,5,20,0,5,0,2,1,8,1,2,5,49,13,293,114,751,4.09853528628495,0
bargagr01,33,9,7,0,0,0,0,0,0,1,0,1,0,0,0,2,0,0,0,23,10,67,39,166,6.3433734939759,0
bargecy01,193,428,55,0,1,0,9,16,33,97,3,31,0,8,5,46,5,78,9,297,18,1010,386,2927,3.56064229586607,0
barkbr01,3,0,0,0,0,0,0,0,0,0,0,0,0,0,0,0,0,0,0,0,0,2,0,7,0,0
barkeal01,1,4,0,0,0,0,0,1,0,1,0,2,0,0,0,0,0,0,0,0,0,0,0,0,NA,0
barkean01,17,46,7,0,1,1,0,4,5,14,1,3,1,2,0,0,0,0,0,0,0,0,0,0,NA,0
barkegl01,235,164,48,2,4,0,6,21,53,38,30,18,3,4,1,0,0,0,0,0,0,0,0,0,NA,0
barkeke01,126,285,65,3,1,2,0,34,32,71,3,36,6,12,0,0,0,0,0,0,0,0,0,0,NA,0
barkele01,248,63,31,0,0,0,6,6,3,3,0,1,0,1,0,74,7,35,5,975,96,1289,639,3971,4.34474943339209,0
barkera01,192,318,76,3,3,6,3,29,34,68,1,44,10,16,0,0,0,0,0,0,0,0,0,0,NA,0
barkeri01,5,0,0,0,0,0,0,0,0,0,0,0,0,0,0,0,0,0,0,3,0,6,4,15,7.2,0
barkese01,3,2,1,0,1,0,0,0,0,0,0,0,0,0,0,0,0,0,0,0,0,0,0,0,NA,0
barklbr01,6,0,0,0,0,0,0,0,0,0,0,0,0,0,0,0,0,0,0,2,2,16,12,33,9.81818181818182,0
barklje01,24,0,0,0,0,0,0,0,0,0,0,0,0,0,0,0,0,0,1,34,5,43,27,135,5.4,0
barklre01,63,163,26,0,0,0,4,19,16,43,2,21,0,9,0,0,0,0,0,0,0,0,0,0,NA,0
barklsa01,582,2329,44,0,12,0,0,176,362,602,51,231,10,125,39,0,0,0,0,0,0,0,0,0,NA,0
barlomi01,133,3,1,0,0,0,0,0,0,0,0,0,0,0,0,10,0,0,6,96,16,279,127,740,4.63378378378378,0
barloto01,126,607,4,0,0,0,0,7,120,174,19,34,1,5,3,0,0,0,0,0,0,0,0,0,NA,0
barmebr01,5,5,0,0,0,0,0,0,1,1,0,0,0,0,0,0,0,0,0,0,0,0,0,0,NA,0
barmecl01,1186,3805,734,26,60,32,60,216,434,932,43,415,89,208,17,0,0,0,0,0,0,0,0,0,NA,0
barnaba01,207,664,98,0,0,0,3,76,88,154,9,96,12,22,9,0,0,0,0,0,0,0,0,0,NA,0
barnach01,29,27,4,0,0,0,1,4,6,7,0,11,1,4,0,0,0,1,0,8,2,103,43,212,5.47641509433962,0
barneau01,20,29,6,0,1,0,1,6,4,6,1,1,0,2,0,0,0,0,0,0,0,0,0,0,NA,0
barnebi01,8,30,0,0,0,0,0,0,2,6,0,0,0,1,0,0,0,0,0,0,0,0,0,0,NA,0
barnebo01,2,2,0,0,0,0,0,0,0,0,0,0,0,0,0,0,0,0,0,1,1,14,10,14,19.2857142857143,0
barnebr01,116,107,51,0,0,0,11,10,3,15,0,4,0,0,0,14,0,2,3,275,39,364,178,1219,3.94257588187039,0
barnebr02,417,1053,323,3,12,3,14,62,121,257,21,92,19,50,7,0,0,0,0,0,0,0,0,0,NA,0
barneda01,581,1921,237,13,21,10,18,115,228,472,20,157,21,90,13,0,0,0,0,0,0,0,0,0,NA,0
barneed01,88,272,33,0,3,0,11,37,33,61,17,22,0,5,2,0,0,0,0,0,0,0,0,0,NA,0
barneep01,4,7,2,0,0,0,0,0,0,1,0,0,0,0,0,0,0,0,0,0,0,0,0,0,NA,0
barnefr01,7,7,0,0,0,0,0,1,1,2,0,2,0,1,0,0,0,0,0,2,0,23,15,52,7.78846153846154,0
barnefr02,21,10,3,0,0,0,0,0,3,1,0,0,0,0,0,1,0,0,1,30,4,40,24,110,5.89090909090909,0
barneho01,1,0,0,0,0,0,0,1,0,0,0,0,0,0,0,0,0,0,0,0,0,0,0,0,NA,0
barneje01,435,913,72,0,1,0,41,24,71,195,2,69,1,11,5,152,26,180,13,653,88,2686,918,7709,3.21520300946945,0
barnejo01,20,58,9,0,3,0,0,3,6,14,0,2,0,4,0,0,0,0,0,0,0,0,0,0,NA,0
barneju01,2,0,0,0,0,0,0,0,0,0,0,0,0,0,0,0,0,0,0,0,0,0,0,1,0,0
barnela01,46,78,18,0,0,0,0,2,4,12,0,4,1,2,0,0,0,0,0,0,0,0,0,0,NA,0
barnelu01,27,74,5,1,0,1,0,6,7,18,0,7,0,2,2,0,0,0,0,0,0,0,0,0,NA,0
barnema01,37,0,0,0,0,0,0,0,0,0,0,0,0,0,0,3,0,0,0,47,10,67,30,156,5.19230769230769,0
barnere01,286,836,76,0,5,0,16,95,152,225,12,97,8,41,24,0,0,0,0,0,0,0,0,0,NA,0
barnere02,155,201,78,0,0,0,7,7,12,33,0,7,0,3,0,35,6,20,1,336,48,474,286,1793,4.30674846625767,0
barneri01,10,0,0,0,0,0,0,0,0,0,0,0,0,0,0,1,0,0,1,8,1,39,18,86,5.65116279069767,0
barnero01,499,2392,65,0,0,0,0,114,698,859,73,350,6,144,44,0,0,0,0,0,0,7,3,4,20.25,0
barnesa01,7,11,1,0,1,0,0,2,2,2,0,0,0,1,0,0,0,0,0,0,0,0,0,0,NA,0
barnesc01,22,0,0,0,0,0,0,0,0,0,0,0,0,0,0,0,0,0,1,26,4,25,16,83,5.20481927710843,0
barnesk01,353,614,74,8,4,3,8,41,95,159,20,83,14,30,4,0,0,0,0,0,0,0,0,0,NA,0
barnevi01,205,371,119,0,0,0,15,7,20,40,0,9,0,0,0,61,7,58,11,275,46,1192,445,3282,3.66087751371115,0
barnhcl01,814,2673,149,0,7,0,103,265,404,788,35,436,27,121,61,0,0,0,0,0,0,0,0,0,NA,0
barnhed01,1,0,0,0,0,0,0,0,0,0,0,0,0,0,0,0,0,0,0,0,0,0,0,3,0,0
barnhle01,3,5,1,0,0,0,1,0,0,1,0,0,0,0,0,1,0,0,0,2,1,25,13,52,6.75,0
barnhtu01,102,296,55,3,2,6,4,29,26,71,0,19,4,9,0,0,0,0,0,0,0,0,0,0,NA,0
barnhvi01,74,204,12,0,0,0,5,10,21,55,2,19,0,7,0,0,0,0,0,0,0,0,0,0,NA,0
barnibi01,83,321,16,0,0,0,0,5,32,55,2,22,0,5,2,0,0,0,0,0,0,0,0,0,NA,0
barnige01,20,18,9,0,0,0,0,0,1,0,0,0,0,0,0,3,0,1,0,28,2,49,42,173,6.55491329479769,0
barnoed01,6,0,0,0,0,0,0,0,0,0,0,0,0,0,0,0,0,0,0,8,0,7,2,22,2.45454545454545,0
barnwch01,13,30,6,0,0,0,0,1,2,2,1,1,0,0,0,0,0,0,0,0,0,0,0,0,NA,0
barojsa01,179,0,0,0,0,0,0,0,0,0,0,0,0,0,0,18,0,0,35,177,33,374,171,1170,3.94615384615385,0
baronda01,16,9,7,0,0,0,2,0,1,1,0,0,0,0,0,1,0,0,0,18,11,50,26,123,5.70731707317073,0
barondi01,3,6,1,0,0,0,0,0,0,0,0,0,0,0,0,0,0,0,0,0,0,0,0,0,NA,0
baronst01,4,11,2,0,0,0,0,0,0,0,0,0,0,0,0,0,0,0,0,0,0,0,0,0,NA,0
barracu01,69,163,36,2,0,1,2,23,14,33,0,14,1,6,1,0,0,0,0,0,0,0,0,0,NA,0
barrage01,67,62,9,0,0,0,1,2,19,18,5,3,0,2,3,0,0,0,0,0,0,0,0,0,NA,0
