mean_fit_time,std_fit_time,mean_score_time,std_score_time,param_KNN__metric,param_KNN__n_neighbors,param_KNN__weights,params,split0_test_score,split1_test_score,split2_test_score,split3_test_score,split4_test_score,mean_test_score,std_test_score,rank_test_score,split0_train_score,split1_train_score,split2_train_score,split3_train_score,split4_train_score,mean_train_score,std_train_score
0.06675267219543457,0.00695026839876615,0.03257312774658203,0.0015725048266677366,manhattan,1,uniform,"{'KNN__metric': 'manhattan', 'KNN__n_neighbors': 1, 'KNN__weights': 'uniform'}",0.7948768041717801,0.8284112351123821,0.7850965951738084,0.7973295107519381,0.7753471826880777,0.7962303840374335,0.01787846164373281,96,1.0,1.0,1.0,1.0,1.0,1.0,0.0
0.06010751724243164,0.0025413097450769106,0.012281990051269532,0.0004426293824843135,manhattan,1,distance,"{'KNN__metric': 'manhattan', 'KNN__n_neighbors': 1, 'KNN__weights': 'distance'}",0.7948768041717801,0.8284112351123821,0.7850965951738084,0.7973295107519381,0.7753471826880777,0.7962303840374335,0.01787846164373281,96,1.0,1.0,1.0,1.0,1.0,1.0,0.0
0.06732983589172363,0.012584299865251223,0.03908286094665527,0.003462188254366323,manhattan,4,uniform,"{'KNN__metric': 'manhattan', 'KNN__n_neighbors': 4, 'KNN__weights': 'uniform'}",0.7892924615804284,0.8238880099578187,0.804416090206425,0.7993956013495689,0.7970234176237765,0.8028060272718321,0.011622165190762366,94,0.8672722719335811,0.8718160193206934,0.8662016929967536,0.8636280856805679,0.8653274000624427,0.8668490939988077,0.002755322187958028
0.0690042495727539,0.012450218333452882,0.01879281997680664,0.0036837806806371844,manhattan,4,distance,"{'KNN__metric': 'manhattan', 'KNN__n_neighbors': 4, 'KNN__weights': 'distance'}",0.8052467026570591,0.8383132572520058,0.8164807575253813,0.8318975402066826,0.8170768281902603,0.8218012846496942,0.011831995058705658,85,1.0,1.0,1.0,1.0,1.0,1.0,0.0
0.06319074630737305,0.00838847682567213,0.046528196334838866,0.016717681685715347,manhattan,7,uniform,"{'KNN__metric': 'manhattan', 'KNN__n_neighbors': 7, 'KNN__weights': 'uniform'}",0.8076346196944947,0.8562441685352727,0.8078960556413486,0.8413882565686339,0.8389807912936513,0.8304135777900571,0.019435973474908205,34,0.8662350097874374,0.8770741323299487,0.8640638001215764,0.8663197568817572,0.8634732360022764,0.8674331870245992,0.004952921601576975
0.11603474617004395,0.006512812274816558,0.03900761604309082,0.0014705240751476036,manhattan,7,distance,"{'KNN__metric': 'manhattan', 'KNN__n_neighbors': 7, 'KNN__weights': 'distance'}",0.8085093971367846,0.8588137573475065,0.8072857116074438,0.8407658001316282,0.8414198156838953,0.8313426807517927,0.02023343583724676,26,1.0,1.0,1.0,1.0,1.0,1.0,0.0
0.07335381507873535,0.019850414465343847,0.0533257007598877,0.01756979544748693,manhattan,10,uniform,"{'KNN__metric': 'manhattan', 'KNN__n_neighbors': 10, 'KNN__weights': 'uniform'}",0.8111556895908268,0.8622325917165726,0.8118132701699573,0.8431885658534631,0.8047134123917822,0.8266331408132183,0.022275948190576215,57,0.8457235548578369,0.8553211360656097,0.8482198310222652,0.8525325186111457,0.8413364340277557,0.8486266949169226,0.004935841676698092
0.07679014205932617,0.020135730658800578,0.02707185745239258,0.008605118283010919,manhattan,10,distance,"{'KNN__metric': 'manhattan', 'KNN__n_neighbors': 10, 'KNN__weights': 'distance'}",0.8297681448880495,0.8663510796008029,0.8283606295913,0.845027758460185,0.8295755796815386,0.839822387632807,0.014621169568078757,1,1.0,1.0,1.0,1.0,1.0,1.0,0.0
0.06661090850830079,0.00815831463300284,0.044426774978637694,0.00504518599923958,manhattan,13,uniform,"{'KNN__metric': 'manhattan', 'KNN__n_neighbors': 13, 'KNN__weights': 'uniform'}",0.819554905776673,0.8561552118698769,0.8103336662235376,0.8542845938379219,0.8181507747021377,0.8317001808589156,0.019474063043225395,24,0.8518485323046862,0.8590138194892346,0.8535870864405152,0.854574896779524,0.8477145502232675,0.8533477770474456,0.0036782633952982145
0.06510143280029297,0.011977824702349059,0.02174687385559082,0.001114232663463757,manhattan,13,distance,"{'KNN__metric': 'manhattan', 'KNN__n_neighbors': 13, 'KNN__weights': 'distance'}",0.8244201179858537,0.8575538132684782,0.815233735937648,0.8530827025285599,0.8181201483941392,0.8336896154181431,0.017969856647440146,8,1.0,1.0,1.0,1.0,1.0,1.0,0.0
0.06817574501037597,0.010832488583530853,0.04701852798461914,0.0047528504846325054,manhattan,16,uniform,"{'KNN__metric': 'manhattan', 'KNN__n_neighbors': 16, 'KNN__weights': 'uniform'}",0.8064987993282126,0.8496205563250472,0.7957493171339545,0.8556462342836899,0.8128524610858576,0.8240725200673233,0.02403239742127187,73,0.8369735127191944,0.8556733675381206,0.8458472114205533,0.8520174771521295,0.8374658339879003,0.8455954805635795,0.007527266402013272
0.06304287910461426,0.002912784465698623,0.02326359748840332,0.0012625763086361536,manhattan,16,distance,"{'KNN__metric': 'manhattan', 'KNN__n_neighbors': 16, 'KNN__weights': 'distance'}",0.8167246513884636,0.8632241772745106,0.8031379731124805,0.8572177232085512,0.8270170227833249,0.8334610208205787,0.023208829983338553,10,1.0,1.0,1.0,1.0,1.0,1.0,0.0
0.07476620674133301,0.011161104854916847,0.056112051010131836,0.01110477062819616,manhattan,19,uniform,"{'KNN__metric': 'manhattan', 'KNN__n_neighbors': 19, 'KNN__weights': 'uniform'}",0.8166356947230676,0.8531022166723035,0.8104282333378421,0.8558648557890856,0.8227453923732571,0.831754565178028,0.01898652400662682,23,0.8429081113450652,0.8601396727010285,0.8508474328850046,0.8501406499287223,0.8418565705811019,0.8491784874881845,0.00658463060072837
0.06199660301208496,0.003928586025235972,0.024314260482788085,0.0018792652925893247,manhattan,19,distance,"{'KNN__metric': 'manhattan', 'KNN__n_neighbors': 19, 'KNN__weights': 'distance'}",0.8181975372638003,0.8578935217527652,0.8074874084020605,0.858994695248954,0.8253212504899248,0.8335771455191281,0.021089951186053082,9,1.0,1.0,1.0,1.0,1.0,1.0,0.0
0.07654633522033691,0.022835935799936848,0.05010619163513184,0.007905776646111492,manhattan,22,uniform,"{'KNN__metric': 'manhattan', 'KNN__n_neighbors': 22, 'KNN__weights': 'uniform'}",0.8181791968430091,0.858488816249993,0.8029880318096606,0.8524932622557179,0.815073871820639,0.8294498178558549,0.021949773764449673,41,0.8346668269408836,0.8541446404722872,0.8425758716868026,0.8466424696198191,0.8349963828915762,0.8426052383222737,0.0073535155830981355
0.060938119888305664,0.0032188726101505176,0.024084091186523438,0.0009760656527139293,manhattan,22,distance,"{'KNN__metric': 'manhattan', 'KNN__n_neighbors': 22, 'KNN__weights': 'distance'}",0.8229376567198938,0.8670801972235538,0.8138668721204492,0.8524932622557179,0.8222172827334512,0.8357245231169815,0.020440135416680324,2,1.0,1.0,1.0,1.0,1.0,1.0,0.0
0.06436872482299805,0.013777061229051481,0.044921350479125974,0.0020842796405852915,manhattan,25,uniform,"{'KNN__metric': 'manhattan', 'KNN__n_neighbors': 25, 'KNN__weights': 'uniform'}",0.8197117887730084,0.8691979072897089,0.8128639990245529,0.8500836237015009,0.8103863718206389,0.8324616832416039,0.023212480207422087,17,0.8355614973235147,0.854435690230522,0.8466581884089928,0.848235118021703,0.8387947856819079,0.8447370559333279,0.00677483796318288
0.07100248336791992,0.0066577987729458665,0.028013992309570312,0.0026760015985443923,manhattan,25,distance,"{'KNN__metric': 'manhattan', 'KNN__n_neighbors': 25, 'KNN__weights': 'distance'}",0.8151868767404389,0.8652460451983117,0.8162055170820449,0.8517659895284452,0.815177589472167,0.8327239133657981,0.02149043916384337,15,1.0,1.0,1.0,1.0,1.0,1.0,0.0
0.07196369171142578,0.001904867875202028,0.05999903678894043,0.007779270898535906,manhattan,28,uniform,"{'KNN__metric': 'manhattan', 'KNN__n_neighbors': 28, 'KNN__weights': 'uniform'}",0.8123410958672572,0.8643968031961915,0.8095853104999626,0.8594175132836748,0.8155725964106215,0.8322670664130147,0.024333923872290414,19,0.8303784458121302,0.8478339916182543,0.8399485228485245,0.8440674730667922,0.832477296688153,0.8389411460067709,0.006655492813224076
0.07183947563171386,0.02281600215401712,0.030559206008911134,0.008749485588364768,manhattan,28,distance,"{'KNN__metric': 'manhattan', 'KNN__n_neighbors': 28, 'KNN__weights': 'distance'}",0.8196589681953037,0.8667074761298151,0.8114653976259514,0.8587551735372074,0.81755179981339,0.8348344746791316,0.02308182322114411,4,1.0,1.0,1.0,1.0,1.0,1.0,0.0
0.06464991569519044,0.010075323367246468,0.05184025764465332,0.009347068503151961,manhattan,31,uniform,"{'KNN__metric': 'manhattan', 'KNN__n_neighbors': 31, 'KNN__weights': 'uniform'}",0.8205957208741838,0.8675126279266668,0.8190557503990941,0.856209608409564,0.8118203153887239,0.8350516115934529,0.022385140998601453,3,0.8353193310989656,0.8546561380500278,0.8382739640721332,0.8458244711262534,0.834846893293475,0.8417841595281711,0.0075399348862765
0.05842194557189941,0.0015670161518995533,0.02674403190612793,0.0015283991564139713,manhattan,31,distance,"{'KNN__metric': 'manhattan', 'KNN__n_neighbors': 31, 'KNN__weights': 'distance'}",0.8136668977593142,0.8660511969951635,0.8138470641521962,0.8524932622557179,0.823219541855162,0.83385642414869,0.021478330058263207,6,1.0,1.0,1.0,1.0,1.0,1.0,0.0
0.05904059410095215,0.002560988233036588,0.04746279716491699,0.0017247526597086254,manhattan,34,uniform,"{'KNN__metric': 'manhattan', 'KNN__n_neighbors': 34, 'KNN__weights': 'uniform'}",0.8127921203170242,0.8621191428720194,0.8175483843668438,0.8547949462644802,0.8136064802441073,0.8321794302260749,0.021647812577562483,20,0.8313151048995102,0.851044073570904,0.835462567683786,0.8434833684958407,0.8338568508645744,0.8390323931029231,0.007255040700255446
0.060229253768920896,0.004216362170677037,0.029247808456420898,0.003538555885219111,manhattan,34,distance,"{'KNN__metric': 'manhattan', 'KNN__n_neighbors': 34, 'KNN__weights': 'distance'}",0.8198684481469112,0.8621471148999915,0.8217042869215264,0.8532694072173136,0.8087284314636194,0.833157910234009,0.020728914870304253,14,1.0,1.0,1.0,1.0,1.0,1.0,0.0
0.057969093322753906,0.001851978587179988,0.05032925605773926,0.005624853224832564,manhattan,37,uniform,"{'KNN__metric': 'manhattan', 'KNN__n_neighbors': 37, 'KNN__weights': 'uniform'}",0.8175752613377669,0.8614198421727187,0.820799100863462,0.8573743340897697,0.8045288207309547,0.8323554511571362,0.022783379480987485,18,0.8342703521147927,0.8534135731680804,0.838915772058616,0.8392956285814979,0.8323202782988055,0.8396431208443585,0.007386011252321897
0.06268110275268554,0.005472261792503472,0.02986774444580078,0.0036358312090280153,manhattan,37,distance,"{'KNN__metric': 'manhattan', 'KNN__n_neighbors': 37, 'KNN__weights': 'distance'}",0.8207707206688778,0.8653368467591857,0.8132797416829406,0.8566190893345249,0.8111368295458649,0.8334405710949336,0.02288560136135311,11,1.0,1.0,1.0,1.0,1.0,1.0,0.0
0.0577761173248291,0.0016121420802007182,0.04790644645690918,0.0013881345602226281,manhattan,40,uniform,"{'KNN__metric': 'manhattan', 'KNN__n_neighbors': 40, 'KNN__weights': 'uniform'}",0.8110150703527675,0.8652199180658179,0.8140418719151431,0.8541515896211236,0.8004710915197496,0.8289957657648,0.025708199433308935,42,0.8297245739183127,0.8511798713941282,0.8367697444826845,0.8385558799206605,0.8317536465967323,0.8375967432625038,0.007512896495761686
0.06100583076477051,0.003102078002386771,0.030162668228149413,0.001905748939831342,manhattan,40,distance,"{'KNN__metric': 'manhattan', 'KNN__n_neighbors': 40, 'KNN__weights': 'distance'}",0.8206691510546075,0.8621191428720194,0.8117921836189432,0.8581446283816914,0.8071659314636196,0.8319920239905294,0.023423297939742894,22,1.0,1.0,1.0,1.0,1.0,1.0,0.0
0.057422208786010745,0.0010639228394162129,0.05351543426513672,0.008364827659281234,manhattan,43,uniform,"{'KNN__metric': 'manhattan', 'KNN__n_neighbors': 43, 'KNN__weights': 'uniform'}",0.812887962459378,0.8653798683238348,0.8154684453417166,0.8603473467698607,0.7981751030794266,0.8304700066987913,0.027153164523647716,32,0.8288765859755814,0.8519298897983669,0.8343046259571941,0.8329337334678606,0.8307450105910315,0.8357579691580069,0.008295814836271696
0.06570949554443359,0.00701550234799329,0.031492996215820315,0.0023252994914187376,manhattan,43,distance,"{'KNN__metric': 'manhattan', 'KNN__n_neighbors': 43, 'KNN__weights': 'distance'}",0.8161511244989959,0.8660791690231355,0.8117921836189432,0.8541724898274746,0.804817299635359,0.8306170181271815,0.02466188794785395,30,1.0,1.0,1.0,1.0,1.0,1.0,0.0
0.05690226554870605,0.0005763625549492106,0.048984861373901366,0.0011400437799774323,manhattan,46,uniform,"{'KNN__metric': 'manhattan', 'KNN__n_neighbors': 46, 'KNN__weights': 'uniform'}",0.8134304363789012,0.8638294807269357,0.8053335622482143,0.855655007309992,0.7996655834020236,0.8275983461875622,0.026741782222487565,50,0.8275020521438351,0.8482135413991284,0.8315185347869948,0.8330803292746858,0.8259622523746096,0.8332553419958508,0.007913082313059571
0.06600160598754883,0.008155341396510083,0.040091657638549806,0.011486931256256976,manhattan,46,distance,"{'KNN__metric': 'manhattan', 'KNN__n_neighbors': 46, 'KNN__weights': 'distance'}",0.8238794925165206,0.8653798683238347,0.8071328567685264,0.8534731891281738,0.8027170773626086,0.8305347486609567,0.02491945712873892,31,1.0,1.0,1.0,1.0,1.0,1.0,0.0
0.05697741508483887,0.0010237558818828286,0.04961295127868652,0.000920945052114217,manhattan,49,uniform,"{'KNN__metric': 'manhattan', 'KNN__n_neighbors': 49, 'KNN__weights': 'uniform'}",0.8134000277631266,0.863130180027635,0.8117840195592241,0.8500036411840185,0.8022512051752123,0.8281287659440006,0.023902351608829774,48,0.8307367326180423,0.8479984168502436,0.8347792399897151,0.8337621938990281,0.8290022160869096,0.8352557598887878,0.00669867949036327
0.06438016891479492,0.0052271587046667555,0.03752212524414063,0.010518218213584878,manhattan,49,distance,"{'KNN__metric': 'manhattan', 'KNN__n_neighbors': 49, 'KNN__weights': 'distance'}",0.8158928955108227,0.8638294807269357,0.807860129495799,0.8533533233012297,0.8069728929162346,0.8295935929650434,0.024117466874950366,39,1.0,1.0,1.0,1.0,1.0,1.0,0.0
0.05738000869750977,0.0009177626749198979,0.02646665573120117,0.000538150173646677,euclidean,1,uniform,"{'KNN__metric': 'euclidean', 'KNN__n_neighbors': 1, 'KNN__weights': 'uniform'}",0.7987407645581097,0.8193333242752422,0.7760551025742636,0.7741239753235113,0.7828283240522566,0.7902284137204548,0.01694333148137387,99,1.0,1.0,1.0,1.0,1.0,1.0,0.0
0.058503913879394534,0.0012286850748358066,0.008181428909301758,0.0001946560367290685,euclidean,1,distance,"{'KNN__metric': 'euclidean', 'KNN__n_neighbors': 1, 'KNN__weights': 'distance'}",0.7987407645581097,0.8193333242752422,0.7760551025742636,0.7741239753235113,0.7828283240522566,0.7902284137204548,0.01694333148137387,99,1.0,1.0,1.0,1.0,1.0,1.0,0.0
0.06257171630859375,0.005098237085350444,0.03297677040100098,0.003418944209786228,euclidean,4,uniform,"{'KNN__metric': 'euclidean', 'KNN__n_neighbors': 4, 'KNN__weights': 'uniform'}",0.7922521038852965,0.8284765496030442,0.7891863296358654,0.7914933345959788,0.8010482944323952,0.8004909938421202,0.014567545890664836,95,0.8610000002948391,0.8713519373159102,0.8605382118119482,0.8660853172539569,0.8628231254675273,0.8643597184288364,0.004003037670609252
0.058109092712402347,0.001277665544548936,0.010658502578735352,0.00034415762772121273,euclidean,4,distance,"{'KNN__metric': 'euclidean', 'KNN__n_neighbors': 4, 'KNN__weights': 'distance'}",0.8076961281083689,0.8435052554541781,0.802364761729749,0.8156665650910416,0.8089578083348264,0.8156422976028707,0.014569018200552486,92,1.0,1.0,1.0,1.0,1.0,1.0,0.0
0.057213115692138675,0.000978406702852072,0.031534004211425784,0.00038360150254211704,euclidean,7,uniform,"{'KNN__metric': 'euclidean', 'KNN__n_neighbors': 7, 'KNN__weights': 'uniform'}",0.8169249766811857,0.8537125571514963,0.8219350208300229,0.8303012122432178,0.8159951814212623,0.8277813356724633,0.013929122488706515,49,0.8684095116819331,0.87589568528698,0.8645607840511064,0.8718956639232733,0.8676170864298811,0.8696757462746347,0.0038889573058162913
0.06874022483825684,0.007651895786828586,0.014841461181640625,0.0031543444664643783,euclidean,7,distance,"{'KNN__metric': 'euclidean', 'KNN__n_neighbors': 7, 'KNN__weights': 'distance'}",0.819261185054979,0.8553949229784404,0.8107281159434814,0.8360444721681637,0.8159951814212622,0.8274913009190481,0.01632950597640739,53,1.0,1.0,1.0,1.0,1.0,1.0,0.0
0.05875101089477539,0.0024307001733953823,0.03490204811096191,0.003922302901122428,euclidean,10,uniform,"{'KNN__metric': 'euclidean', 'KNN__n_neighbors': 10, 'KNN__weights': 'uniform'}",0.8113517197199772,0.8562721405632447,0.7886703427741235,0.8445591952240926,0.7999994318047418,0.8201811849081655,0.02598330368101985,88,0.8459510645045514,0.8592400175242909,0.8508855262862025,0.8546225839048921,0.846323100808011,0.8514044586055896,0.0050513623716935295
0.058082866668701175,0.0015439917262050373,0.013165426254272462,0.000372175553278525,euclidean,10,distance,"{'KNN__metric': 'euclidean', 'KNN__n_neighbors': 10, 'KNN__weights': 'distance'}",0.8184596141706798,0.8618683874984165,0.807239776506697,0.848759154150708,0.807146234558529,0.8287071348431867,0.022504833734648934,46,1.0,1.0,1.0,1.0,1.0,1.0,0.0
0.06391463279724122,0.007647045422066036,0.0367769718170166,0.0024693184974738784,euclidean,13,uniform,"{'KNN__metric': 'euclidean', 'KNN__n_neighbors': 13, 'KNN__weights': 'uniform'}",0.811699128995979,0.8550190819611745,0.8032715862958618,0.8476501625843049,0.8067536233067109,0.824886891386064,0.021892268587789143,69,0.8437812673988675,0.8663119783389899,0.8504419343287157,0.8559496777518796,0.8462868551548742,0.8525543425946653,0.008018869720658219
0.058463764190673825,0.001697767967053046,0.014175987243652344,0.00040890135061635077,euclidean,13,distance,"{'KNN__metric': 'euclidean', 'KNN__n_neighbors': 13, 'KNN__weights': 'distance'}",0.8076599451925226,0.8605376597689088,0.8056812248500788,0.8433942648675639,0.808437142176693,0.8251490000218139,0.02258493176234197,68,1.0,1.0,1.0,1.0,1.0,1.0,0.0
0.058484888076782225,0.0016948359464770862,0.03561124801635742,0.0006092542343184437,euclidean,16,uniform,"{'KNN__metric': 'euclidean', 'KNN__n_neighbors': 16, 'KNN__weights': 'uniform'}",0.8111465349319414,0.8504766838041254,0.7931450772042203,0.857251755848339,0.8049520582907713,0.8234006094983184,0.025632890487268235,77,0.8331125931737381,0.8566232094650934,0.8437452640087285,0.8467081814327411,0.8420545946307679,0.8444487685422137,0.00759022816160732
0.07687239646911621,0.013760224120201732,0.02130575180053711,0.005358369561131476,euclidean,16,distance,"{'KNN__metric': 'euclidean', 'KNN__n_neighbors': 16, 'KNN__weights': 'distance'}",0.8219857982877788,0.8569073331468822,0.8064794911699725,0.8525243725388773,0.8116233947926901,0.8299136025138623,0.020911269597973542,36,1.0,1.0,1.0,1.0,1.0,1.0,0.0
0.06536698341369629,0.015472366086908556,0.03770627975463867,0.0034611569824178827,euclidean,19,uniform,"{'KNN__metric': 'euclidean', 'KNN__n_neighbors': 19, 'KNN__weights': 'uniform'}",0.8246671156526261,0.8551360106545424,0.8062717609157306,0.848716132586059,0.8088667515520553,0.828743947516208,0.020058699370038735,44,0.837682634224638,0.8595964148962123,0.8491333107220216,0.8499352564069431,0.840156105148726,0.8473007442797081,0.007810715449522013
0.05744218826293945,0.001238987222031562,0.01611781120300293,0.0004936863690841955,euclidean,19,distance,"{'KNN__metric': 'euclidean', 'KNN__n_neighbors': 19, 'KNN__weights': 'distance'}",0.8258150042138913,0.859955287762976,0.8063805255493794,0.8474981805302144,0.8039151967321526,0.8287301745409449,0.022136340025611084,45,1.0,1.0,1.0,1.0,1.0,1.0,0.0
0.06217279434204102,0.004756136029576811,0.042611885070800784,0.007488810957778647,euclidean,22,uniform,"{'KNN__metric': 'euclidean', 'KNN__n_neighbors': 22, 'KNN__weights': 'uniform'}",0.8182876519342374,0.8568824845971497,0.8042809884981407,0.8573405113921237,0.8007743818757108,0.8275283909615698,0.024862426800856947,51,0.8288155866423836,0.8542231838824405,0.8428530965175598,0.846303981285588,0.8343908193470474,0.8413173335350039,0.00892251613706051
0.0577336311340332,0.0021044627040409016,0.01714639663696289,0.0006717012695371448,euclidean,22,distance,"{'KNN__metric': 'euclidean', 'KNN__n_neighbors': 22, 'KNN__weights': 'distance'}",0.8263856175672614,0.8585648504240937,0.8120590536151309,0.8550227666368788,0.8055522744376944,0.8315337368268234,0.021733502692021272,25,1.0,1.0,1.0,1.0,1.0,1.0,0.0
0.05952606201171875,0.0037970721791588673,0.03945317268371582,0.003115323580178255,euclidean,25,uniform,"{'KNN__metric': 'euclidean', 'KNN__n_neighbors': 25, 'KNN__weights': 'uniform'}",0.8215508139738551,0.8537094372279689,0.8072299774936414,0.8470816277836325,0.8054568340806749,0.827019306620636,0.020003079733671852,56,0.830861476601547,0.8575020601285541,0.8399780816386605,0.8461329211393165,0.8372275165054348,0.8423404112027025,0.009030470225876327
0.0636782169342041,0.004269836767280398,0.02050790786743164,0.00193908176210933,euclidean,25,distance,"{'KNN__metric': 'euclidean', 'KNN__n_neighbors': 25, 'KNN__weights': 'distance'}",0.8210261357212321,0.8561470478101577,0.8093476875597964,0.8487489440738997,0.8007595704241539,0.8272233368401521,0.021710410773865995,54,1.0,1.0,1.0,1.0,1.0,1.0,0.0
0.05685267448425293,0.00034628831057549587,0.03784322738647461,0.00048644221985398296,euclidean,28,uniform,"{'KNN__metric': 'euclidean', 'KNN__n_neighbors': 28, 'KNN__weights': 'uniform'}",0.8208178137746659,0.8529573159509636,0.8004067990888931,0.8414062231961206,0.7999796408193907,0.823129650550253,0.021356939543153094,78,0.8270053456505677,0.8549841667518201,0.8326803729114332,0.8441075742402913,0.8332401245990587,0.8384035168306342,0.0099678234800649
0.060478591918945314,0.004552851460884337,0.020142412185668944,0.0018479834838212434,euclidean,28,distance,"{'KNN__metric': 'euclidean', 'KNN__n_neighbors': 28, 'KNN__weights': 'distance'}",0.8248667965911778,0.8539501800916625,0.8045714320160118,0.8479018055196829,0.8047402321629201,0.8272210363618479,0.02080999747141885,55,1.0,1.0,1.0,1.0,1.0,1.0,0.0
0.06802330017089844,0.01175611612549249,0.0407041072845459,0.003027596166199041,euclidean,31,uniform,"{'KNN__metric': 'euclidean', 'KNN__n_neighbors': 31, 'KNN__weights': 'uniform'}",0.8223584023585094,0.8590350521682345,0.8097254527897266,0.8550446780530354,0.80496033558528,0.8302400764116523,0.02265071097426853,35,0.8301785910953053,0.8561835700372568,0.8365892501781172,0.845109913368938,0.8342484764518586,0.8404619602262953,0.009253382385711361
0.05716052055358887,0.0003100816935026595,0.019756174087524413,0.0009445491120223461,euclidean,31,distance,"{'KNN__metric': 'euclidean', 'KNN__n_neighbors': 31, 'KNN__weights': 'distance'}",0.8233164089942786,0.8608063746605745,0.8066973061418858,0.853257495935824,0.808055780943408,0.8304399908218024,0.02261765276910661,33,1.0,1.0,1.0,1.0,1.0,1.0,0.0
0.06626973152160645,0.010248005655518196,0.04835958480834961,0.010847486014565777,euclidean,34,uniform,"{'KNN__metric': 'euclidean', 'KNN__n_neighbors': 34, 'KNN__weights': 'uniform'}",0.8177847412893742,0.8591321728933495,0.8090541241183978,0.8535473209759824,0.8090864402785296,0.8297314218880545,0.02203579507597863,37,0.8267962231336721,0.8562725069641904,0.83212355887714,0.8398335663827604,0.8291876439671548,0.8368426998649834,0.01066081191668214
0.05761561393737793,0.0007727196480511493,0.020516300201416017,0.0008660741414806927,euclidean,34,distance,"{'KNN__metric': 'euclidean', 'KNN__n_neighbors': 34, 'KNN__weights': 'distance'}",0.8248667965911779,0.8630840349847465,0.8066973061418858,0.8574204939096062,0.8081328484158469,0.8320544038353253,0.023968772821987342,21,1.0,1.0,1.0,1.0,1.0,1.0,0.0
0.06507000923156739,0.012571065373969936,0.04302787780761719,0.0032852231314171236,euclidean,37,uniform,"{'KNN__metric': 'euclidean', 'KNN__n_neighbors': 37, 'KNN__weights': 'uniform'}",0.823049538998091,0.8646425866413648,0.8117723756506903,0.857343649647311,0.8056034314636195,0.832498693449443,0.02404780810298969,16,0.8283383264738375,0.858726462718451,0.8355104813971481,0.8427296380837888,0.834020433326612,0.8398650683999674,0.010487572852173298
0.06071467399597168,0.004199034979790866,0.022735023498535158,0.00243969828962966,euclidean,37,distance,"{'KNN__metric': 'euclidean', 'KNN__n_neighbors': 37, 'KNN__weights': 'distance'}",0.82400754563386,0.8633329419081593,0.8164317025011071,0.8611518896001293,0.8063931247249037,0.8342800673376508,0.02352123633045459,5,1.0,1.0,1.0,1.0,1.0,1.0,0.0
0.058960580825805665,0.00375358713216159,0.04091410636901856,0.0011773599531000852,euclidean,40,uniform,"{'KNN__metric': 'euclidean', 'KNN__n_neighbors': 40, 'KNN__weights': 'uniform'}",0.8213298790784146,0.8630032423790699,0.8110400623419378,0.8496461760143866,0.8096744857643692,0.8309514599759508,0.021532855212167502,29,0.8281766617776505,0.8589453331440134,0.8330638070799425,0.8414058439411108,0.8306777074365944,0.8384538706758624,0.011169213967613601
0.07058238983154297,0.008654840614295601,0.028734636306762696,0.004715030488979643,euclidean,40,distance,"{'KNN__metric': 'euclidean', 'KNN__n_neighbors': 40, 'KNN__weights': 'distance'}",0.8237091090168569,0.8615418114475664,0.8126794066042329,0.8605574051910957,0.8074897525375072,0.8332102530948831,0.02333502831234598,13,1.0,1.0,1.0,1.0,1.0,1.0,0.0
0.05704522132873535,0.000364480518646548,0.04140143394470215,0.0008228287605083818,euclidean,43,uniform,"{'KNN__metric': 'euclidean', 'KNN__n_neighbors': 43, 'KNN__weights': 'uniform'}",0.8190671008850446,0.8639153139140922,0.8089371954250302,0.8533065781122886,0.811059762073426,0.8312676016755365,0.022836702876832725,27,0.8295252131286348,0.8583585990776562,0.8340398264211707,0.8414992646913542,0.8330078539967781,0.8392861514631189,0.010304105889027877
0.06215848922729492,0.006690776808235268,0.03094620704650879,0.01532281779470345,euclidean,43,distance,"{'KNN__metric': 'euclidean', 'KNN__n_neighbors': 43, 'KNN__weights': 'distance'}",0.823042653521133,0.86628193090366,0.8139790423822412,0.8542186496473111,0.8085778579517655,0.8332351001712225,0.022866164462024975,12,1.0,1.0,1.0,1.0,1.0,1.0,0.0
0.061257457733154295,0.005352205014914537,0.04925403594970703,0.011149432602424963,euclidean,46,uniform,"{'KNN__metric': 'euclidean', 'KNN__n_neighbors': 46, 'KNN__weights': 'uniform'}",0.8126142069862325,0.8676836557805007,0.8070882002505408,0.8495751824217654,0.8104814802441073,0.8294972830664291,0.024540051103780176,40,0.825749019646285,0.8546080569339356,0.8320313282469033,0.8360213222092018,0.8302105826522149,0.835724061937708,0.010002298089389263
0.05873165130615234,0.002084633978903837,0.023519039154052734,0.0011777317655424578,euclidean,46,distance,"{'KNN__metric': 'euclidean', 'KNN__n_neighbors': 46, 'KNN__weights': 'distance'}",0.8259867693410288,0.8670092036309326,0.8115165832503196,0.8574204939096062,0.8070020328622208,0.833803949323129,0.024229594428539947,7,1.0,1.0,1.0,1.0,1.0,1.0,0.0
0.06393342018127442,0.008640241877265671,0.04688229560852051,0.0027005920874610826,euclidean,49,uniform,"{'KNN__metric': 'euclidean', 'KNN__n_neighbors': 49, 'KNN__weights': 'uniform'}",0.8142908453412601,0.8651570885329158,0.8055016765659505,0.8540827230738844,0.8094410572524648,0.8297038981501349,0.024842193048942352,38,0.8283473887807328,0.8548661459812648,0.8345741031557248,0.8422598501122628,0.8304991158546923,0.8381093207769356,0.009630434918301426
0.059856510162353514,0.0032418428414980353,0.02476801872253418,0.0016813082958933537,euclidean,49,distance,"{'KNN__metric': 'euclidean', 'KNN__n_neighbors': 49, 'KNN__weights': 'distance'}",0.8206174884819439,0.8661581167333341,0.8071410208282456,0.8549947946089068,0.8068381342608223,0.8311639726692442,0.024787764272935834,28,1.0,1.0,1.0,1.0,1.0,1.0,0.0
0.07554330825805664,0.018837772932988217,0.028218746185302734,0.004004230165653947,chebyshev,1,uniform,"{'KNN__metric': 'chebyshev', 'KNN__n_neighbors': 1, 'KNN__weights': 'uniform'}",0.7853556360825937,0.8251554744795722,0.7793112073288824,0.7702620236765014,0.7774465711479919,0.7875185583109425,0.019435619725618608,101,1.0,1.0,1.0,1.0,1.0,1.0,0.0
0.07824835777282715,0.01601793054186104,0.007802724838256836,0.002196183663661972,chebyshev,1,distance,"{'KNN__metric': 'chebyshev', 'KNN__n_neighbors': 1, 'KNN__weights': 'distance'}",0.7853556360825937,0.8251554744795722,0.7793112073288824,0.7702620236765014,0.7774465711479919,0.7875185583109425,0.019435619725618608,101,1.0,1.0,1.0,1.0,1.0,1.0,0.0
0.06016254425048828,0.0017460137219444801,0.02841639518737793,0.000966736589927215,chebyshev,4,uniform,"{'KNN__metric': 'chebyshev', 'KNN__n_neighbors': 4, 'KNN__weights': 'uniform'}",0.7796049347045625,0.8092007197520704,0.7840143457893758,0.8042289115190557,0.7852951526963657,0.7924697233516842,0.011892079919475464,98,0.8541924117594869,0.8689675426935186,0.8555648564824854,0.8595676291513347,0.8571312511005234,0.8590847382374698,0.005254399023326104
0.06008987426757813,0.0006559946963138525,0.007458162307739258,0.00037305629876344164,chebyshev,4,distance,"{'KNN__metric': 'chebyshev', 'KNN__n_neighbors': 4, 'KNN__weights': 'distance'}",0.7938459806067372,0.840572950948691,0.7980205769637901,0.8209682225980617,0.8027044164938512,0.8112239839418465,0.017357842876891447,93,1.0,1.0,1.0,1.0,1.0,1.0,0.0
0.062348031997680665,0.00226637882991245,0.03830375671386719,0.011153331117956142,chebyshev,7,uniform,"{'KNN__metric': 'chebyshev', 'KNN__n_neighbors': 7, 'KNN__weights': 'uniform'}",0.806219170691893,0.857265004703944,0.8020263353829352,0.8275418650700476,0.7984608543636433,0.8183156284787121,0.021947729571679016,90,0.8582100575417524,0.8707272005743929,0.8662074041394658,0.8667932225959721,0.8573978179337607,0.8638671405570688,0.005195265856939428
0.06959028244018554,0.012104031082360847,0.011458778381347656,0.004537319907949955,chebyshev,7,distance,"{'KNN__metric': 'chebyshev', 'KNN__n_neighbors': 7, 'KNN__weights': 'distance'}",0.8014888502488551,0.8555826388769997,0.8012032205133086,0.8251001050228658,0.7968850292740988,0.8160638355962793,0.022114124436919586,91,1.0,1.0,1.0,1.0,1.0,1.0,0.0
0.06340627670288086,0.0057174022933766085,0.03041529655456543,0.0012748774210061173,chebyshev,10,uniform,"{'KNN__metric': 'chebyshev', 'KNN__n_neighbors': 10, 'KNN__weights': 'uniform'}",0.8054786406615755,0.8460942359050935,0.8024439229368011,0.8390116341785807,0.8006081703500102,0.8187360310744302,0.01964370084751208,89,0.8388380023586093,0.8659918943674909,0.8534398728215997,0.8527033075243555,0.8433621231941724,0.8508670400532455,0.009378422997787008
0.06233468055725098,0.009017854578812814,0.010344743728637695,0.001476402010310365,chebyshev,10,distance,"{'KNN__metric': 'chebyshev', 'KNN__n_neighbors': 10, 'KNN__weights': 'distance'}",0.813844857918261,0.8539401711364653,0.8056434538090511,0.8334419517747708,0.800296018411606,0.8214478180076906,0.019769900995445833,87,1.0,1.0,1.0,1.0,1.0,1.0,0.0
0.07073469161987304,0.01295193801199912,0.04326953887939453,0.010849465516789244,chebyshev,13,uniform,"{'KNN__metric': 'chebyshev', 'KNN__n_neighbors': 13, 'KNN__weights': 'uniform'}",0.824349227437945,0.8510703397933048,0.8064816182153547,0.8364040643831776,0.8076305623928405,0.825200173306359,0.01705504769046378,67,0.8400956792170663,0.8619940929876482,0.849619001294174,0.8560765181991716,0.8446604425337348,0.850489146846359,0.007827357420679627
0.06195392608642578,0.0038422657238595757,0.011238002777099609,0.0005642772868025258,chebyshev,13,distance,"{'KNN__metric': 'chebyshev', 'KNN__n_neighbors': 13, 'KNN__weights': 'distance'}",0.815664608315708,0.8535607709531984,0.8081209624776496,0.8412233414916114,0.8126858348642715,0.8262575232898791,0.017862006104945673,61,1.0,1.0,1.0,1.0,1.0,1.0,0.0
0.06194314956665039,0.005856160041526426,0.03833751678466797,0.01353384988157272,chebyshev,16,uniform,"{'KNN__metric': 'chebyshev', 'KNN__n_neighbors': 16, 'KNN__weights': 'uniform'}",0.8159251064858086,0.8507896988432015,0.7997064261942608,0.8519558324723864,0.8033124908183326,0.8243486626860348,0.022722492665900984,71,0.8361110425312817,0.8563946047535564,0.8436408474855269,0.8436818205619949,0.8382511476833981,0.8436158926031517,0.0070484567973434125
0.09203176498413086,0.024780646600230948,0.02078537940979004,0.00926925236429819,chebyshev,16,distance,"{'KNN__metric': 'chebyshev', 'KNN__n_neighbors': 16, 'KNN__weights': 'distance'}",0.8176660203623741,0.8528153287657212,0.8068113177444441,0.8520047047067095,0.8125219362628728,0.828370354303132,0.019934110338476158,47,1.0,1.0,1.0,1.0,1.0,1.0,0.0
0.07154135704040528,0.012089495546216406,0.03633403778076172,0.003712527099962884,chebyshev,19,uniform,"{'KNN__metric': 'chebyshev', 'KNN__n_neighbors': 19, 'KNN__weights': 'uniform'}",0.8224473590239053,0.8546692887592162,0.807421661778349,0.8474913133849166,0.799292593543508,0.82628297236187,0.021692761149626143,59,0.8367056186847325,0.8551555302685196,0.8422549181681974,0.8469086227675656,0.8385279488489092,0.843910527747585,0.006619102185772071
0.06095666885375976,0.0039900896742174645,0.012573575973510743,0.0010352190009645446,chebyshev,19,distance,"{'KNN__metric': 'chebyshev', 'KNN__n_neighbors': 19, 'KNN__weights': 'distance'}",0.8166121715842513,0.8492908532412458,0.8084047269059923,0.8523325019095067,0.8109461111733284,0.8275241090883027,0.019227938605079164,52,1.0,1.0,1.0,1.0,1.0,1.0,0.0
0.07350707054138184,0.008268538789814749,0.04352803230285644,0.004866333216817494,chebyshev,22,uniform,"{'KNN__metric': 'chebyshev', 'KNN__n_neighbors': 22, 'KNN__weights': 'uniform'}",0.8043542752391267,0.8555565117445059,0.8048733694592708,0.8474704131785654,0.8028966212284002,0.8230386072887004,0.02340711687312238,79,0.8333164319609873,0.8577823545299258,0.8341203861804082,0.8395847645182589,0.8285319878795381,0.8386671850138235,0.01018094118037323
0.07497181892395019,0.006981672262067126,0.01568889617919922,0.0011493205440562216,chebyshev,22,distance,"{'KNN__metric': 'chebyshev', 'KNN__n_neighbors': 22, 'KNN__weights': 'distance'}",0.8061198702595499,0.8483077881136023,0.8112399106863644,0.8491586296751835,0.8123580376614743,0.8254389220900279,0.019142717517899248,63,1.0,1.0,1.0,1.0,1.0,1.0,0.0
0.06671438217163086,0.013483341531107763,0.03566575050354004,0.003545596757366146,chebyshev,25,uniform,"{'KNN__metric': 'chebyshev', 'KNN__n_neighbors': 25, 'KNN__weights': 'uniform'}",0.8037893893576734,0.8546413167312442,0.8018882443760791,0.8523427119863152,0.8081792895802872,0.8241716353360169,0.024044833037485978,72,0.8309446707850566,0.8574791916866821,0.8341503983519408,0.8445745733412163,0.8314004814713574,0.8397098631272506,0.010160674306420323
0.07389945983886718,0.010072242947157087,0.017128753662109374,0.002066845760742283,chebyshev,25,distance,"{'KNN__metric': 'chebyshev', 'KNN__n_neighbors': 25, 'KNN__weights': 'distance'}",0.8061255977314666,0.8499901539405464,0.8097093310577181,0.8562557682294005,0.8092197125719296,0.8262641456809471,0.022058472154862726,60,1.0,1.0,1.0,1.0,1.0,1.0,0.0
0.06720256805419922,0.005653234648747795,0.040856361389160156,0.006633037851685902,chebyshev,28,uniform,"{'KNN__metric': 'chebyshev', 'KNN__n_neighbors': 28, 'KNN__weights': 'uniform'}",0.8067581863214269,0.8567423423073856,0.8052030689883604,0.8492128725264465,0.8014553096904309,0.8238849176977205,0.02394353399670532,75,0.8303583512620389,0.8575769907034827,0.8284781596314074,0.8393857496274316,0.8249354198382216,0.8361469342125165,0.011728197621231836
0.057664918899536136,0.0013986479580497919,0.01397390365600586,0.00036667829980006124,chebyshev,28,distance,"{'KNN__metric': 'chebyshev', 'KNN__n_neighbors': 28, 'KNN__weights': 'distance'}",0.8058742542202515,0.8559161039595198,0.8146883484820273,0.856314850540532,0.8120475416771311,0.8289720762098164,0.0223530569029257,43,1.0,1.0,1.0,1.0,1.0,1.0,0.0
0.06480221748352051,0.007666481063055217,0.03964009284973145,0.003927536866689756,chebyshev,31,uniform,"{'KNN__metric': 'chebyshev', 'KNN__n_neighbors': 31, 'KNN__weights': 'uniform'}",0.8081157784567324,0.8551639826825143,0.7985005812756985,0.849606292704925,0.8005017178277481,0.8223879620895905,0.024772632748322858,83,0.8328608124842712,0.85088357076877,0.8327080099472592,0.8412052266267729,0.827996831922616,0.8371308903499379,0.008086567803317382
0.05731897354125977,0.0014567407757836613,0.014628839492797852,0.0003697350371124153,chebyshev,31,distance,"{'KNN__metric': 'chebyshev', 'KNN__n_neighbors': 31, 'KNN__weights': 'distance'}",0.8064919606794098,0.8546494807909633,0.8096383374650971,0.848530322568504,0.8070020328622208,0.8252693611640363,0.021611404981253548,65,1.0,1.0,1.0,1.0,1.0,1.0,0.0
0.060710716247558597,0.004831503381251152,0.0371279239654541,0.0030365305156428535,chebyshev,34,uniform,"{'KNN__metric': 'chebyshev', 'KNN__n_neighbors': 34, 'KNN__weights': 'uniform'}",0.8122992323076493,0.8521191515446598,0.7977664230714678,0.8477381168604258,0.8008428401200899,0.8221642917578414,0.023230376369581186,84,0.8284424016419076,0.8489984298539126,0.8312097179354556,0.8377489159823723,0.8297081012087818,0.835221513324486,0.007597891337203878
0.0697521686553955,0.0020946295897332013,0.018638801574707032,0.00042948917396098816,chebyshev,34,distance,"{'KNN__metric': 'chebyshev', 'KNN__n_neighbors': 34, 'KNN__weights': 'distance'}",0.8158361498204127,0.8499024758579119,0.8057044384464749,0.8435471468586717,0.8045936347799755,0.8239278587390129,0.019134194051267157,74,1.0,1.0,1.0,1.0,1.0,1.0,0.0
0.05913233757019043,0.0025917378598456797,0.03582849502563477,0.0010204775256186863,chebyshev,37,uniform,"{'KNN__metric': 'chebyshev', 'KNN__n_neighbors': 37, 'KNN__weights': 'uniform'}",0.8160564403616833,0.8568312989727814,0.7953998060819001,0.8503884982783364,0.7963656798859289,0.8230245018624924,0.026127190868046015,80,0.8296688402251778,0.8514477840124905,0.8293235105808346,0.8416343069707758,0.8303491817580273,0.8364847247094612,0.00878402524563818
0.057879638671875,0.0012859226015213474,0.017373943328857423,0.0020261065294531417,chebyshev,37,distance,"{'KNN__metric': 'chebyshev', 'KNN__n_neighbors': 37, 'KNN__weights': 'distance'}",0.8207386561223257,0.8576823858703798,0.8001480895977128,0.8452854567415599,0.8025825638110332,0.8253022532122862,0.022878608110039413,64,1.0,1.0,1.0,1.0,1.0,1.0,0.0
0.0652658462524414,0.007759269085979862,0.0443387508392334,0.006917813742461653,chebyshev,40,uniform,"{'KNN__metric': 'chebyshev', 'KNN__n_neighbors': 40, 'KNN__weights': 'uniform'}",0.8213241516064977,0.8582299003713828,0.7976676673930163,0.8464873533167405,0.7953814617152476,0.823837919758893,0.025280219050011734,76,0.8272097464970902,0.8475626606020198,0.8268496973682075,0.837292466300947,0.827958223422155,0.8333745588380838,0.008081678641098657
0.05860323905944824,0.002212722551583185,0.017588472366333006,0.0010865124745049078,chebyshev,40,distance,"{'KNN__metric': 'chebyshev', 'KNN__n_neighbors': 40, 'KNN__weights': 'distance'}",0.8191297204758051,0.8582019283434108,0.8032850008792023,0.8429956840142871,0.8025248726280597,0.8252424142744205,0.022075547342485263,66,1.0,1.0,1.0,1.0,1.0,1.0,0.0
0.07121119499206544,0.021040539078625912,0.04380607604980469,0.00802191780638922,chebyshev,43,uniform,"{'KNN__metric': 'chebyshev', 'KNN__n_neighbors': 43, 'KNN__weights': 'uniform'}",0.8182302618896572,0.8548802182541716,0.7990662687916177,0.8439417881890973,0.7978511124134899,0.8228104943772281,0.023159765951202723,81,0.8257545859820025,0.8483597502188491,0.8242882066986906,0.836441866535243,0.8263006444502565,0.8322290107770083,0.009144057980140194
0.06139054298400879,0.005865228346386159,0.018895816802978516,0.0024617011685043127,chebyshev,43,distance,"{'KNN__metric': 'chebyshev', 'KNN__n_neighbors': 43, 'KNN__weights': 'distance'}",0.8209744731485686,0.8535064654053028,0.8088843712926135,0.8444222574408607,0.8040715577716181,0.8263865316288065,0.019460156911958734,58,1.0,1.0,1.0,1.0,1.0,1.0,0.0
0.059292268753051755,0.003398794367097556,0.03899922370910645,0.001620969458386184,chebyshev,46,uniform,"{'KNN__metric': 'chebyshev', 'KNN__n_neighbors': 46, 'KNN__weights': 'uniform'}",0.8167102829085325,0.8483506032908217,0.8031152516081298,0.8455692211699026,0.7987874030577188,0.8225213181549825,0.020836924939298784,82,0.8240751693265986,0.8460579296539326,0.8257387656180961,0.8369530302287129,0.826216195115055,0.8318082179884791,0.008454967640814222
0.07313899993896485,0.008940199026115718,0.02192201614379883,0.0020635967309192574,chebyshev,46,distance,"{'KNN__metric': 'chebyshev', 'KNN__n_neighbors': 46, 'KNN__weights': 'distance'}",0.8210421758570755,0.8571908911877953,0.8040552951711241,0.843694984713588,0.8033978355852799,0.8258912802951475,0.021458730198277324,62,1.0,1.0,1.0,1.0,1.0,1.0,0.0
0.05729775428771973,0.0006781153919773569,0.03767971992492676,0.00045549716727073575,chebyshev,49,uniform,"{'KNN__metric': 'chebyshev', 'KNN__n_neighbors': 49, 'KNN__weights': 'uniform'}",0.813170872591409,0.8483506032908217,0.8024159509088291,0.8447060218692034,0.7995602097964345,0.821653432862957,0.0208497183900049,86,0.8210520591992234,0.8475519644304202,0.8246279083223287,0.8340502879088613,0.8251681472431323,0.8304900734207932,0.009545126948910881
0.07019238471984864,0.008853743637378658,0.023886489868164062,0.003649019230356818,chebyshev,49,distance,"{'KNN__metric': 'chebyshev', 'KNN__n_neighbors': 49, 'KNN__weights': 'distance'}",0.8142023094076016,0.8542419021922947,0.8073339836957142,0.8482025253657068,0.7978511124134899,0.8243824839938135,0.022608850421055395,70,1.0,1.0,1.0,1.0,1.0,1.0,0.0
